companyname;address;phone;fax;email;qualification;Certificat RGE
SOFIFERM;6 RUE DES BATELIERS 57950 MONTIGNY LES METZ;03 87 65 72 15;03 87 66 97 40;sofiferm@wanadoo.fr;http://www.qualibat.com/Views/GetFichier.aspx?fn=2015\SIEG-Certificat-1-SOFIFERM-E1-3-20160408.pdf&f=;http://www.qualibat.com/Views/GetFichier.aspx?fn=2015\SIEG-Certificat-1-SOFIFERM-E1-3-20160408-RGEAnnexe.pdf&f=
MINAIRE MENUISERIES;RUE DU RUISSEAU ST PIERRE 57245 PELTRE;03 87 38 10 09;03 87 38 14 46;fenster@minaire.com;http://www.qualibat.com/Views/GetFichier.aspx?fn=2015\SIEG-Certificat-11-MINAIRE MENUISE-E11-3-20160325.pdf&f=;http://www.qualibat.com/Views/GetFichier.aspx?fn=2015\SIEG-Certificat-11-MINAIRE MENUISE-E11-3-20160325-RGEAnnexe.pdf&f=
ENTREPRISE DURMEYER S.A.S.;7 RUE DU PONT NEUF 57930 MITTERSHEIM;03 87 07 67 07;03 87 07 62 74;durmeyer@durmeyer.fr;http://www.qualibat.com/Views/GetFichier.aspx?fn=2015\SIEG-Certificat-21-ENTREPRISE DURM-E21-6-20160416.pdf&f=;
KARLESKIND ANTOINE (MAISON);40 AVENUE CLEMENCEAU 57401 SARREBOURG CEDEX;03 87 23 71 36;03 87 23 71 36;maison.antoine-karlskind@wanadoo.fr;http://www.qualibat.com/Views/GetFichier.aspx?fn=2015\SIEG-Certificat-23-KARLESKIND ANTO-E23-6-20160325.pdf&f=;http://www.qualibat.com/Views/GetFichier.aspx?fn=2015\SIEG-Certificat-23-KARLESKIND ANTO-E23-6-20160325-RGEAnnexe.pdf&f=
WIEDEMANN JASALU;53 RUE DU GENERAL METMAN 57070 METZ;03 87 74 16 83;03 87 76 93 45;secretariat@wiedemann-jasalu.fr;http://www.qualibat.com/Views/GetFichier.aspx?fn=2016\SIEG-Certificat-33-WIEDEMANN JASAL-E33-3-20160330.pdf&f=;http://www.qualibat.com/Views/GetFichier.aspx?fn=2016\SIEG-Certificat-33-WIEDEMANN JASAL-E33-3-20160330-RGEAnnexe.pdf&f=
HOERRMANN (ETS);29 BOUCLE DU FERRONNIER 57100 THIONVILLE;03 82 59 44 77;03 82 59 44 78;hoerrmann@wanadoo.fr;http://www.qualibat.com/Views/GetFichier.aspx?fn=2015\SIEG-Certificat-35-HOERRMANN (ETS)-E35-3-20160325.pdf&f=;http://www.qualibat.com/Views/GetFichier.aspx?fn=2015\SIEG-Certificat-35-HOERRMANN (ETS)-E35-3-20160325-RGEAnnexe.pdf&f=
LE SANITAIRE FRANCAIS;RUE DE LA GILLIERE ZAC EURO MOSELLES 57051 METZ CEDEX 2;03 87 30 56 33;03 87 31 93 03;christophe.baudin@l-s-f.fr;http://www.qualibat.com/Views/GetFichier.aspx?fn=2015\SIEG-Certificat-36-LE SANITAIRE FR-E36-10-20160416.pdf&f=;http://www.qualibat.com/Views/GetFichier.aspx?fn=2015\SIEG-Certificat-36-LE SANITAIRE FR-E36-10-20160416-RGEAnnexe.pdf&f=
STRUBEL EUGENE SAS;1A RUE CENTRALE 57870 HARTZVILLER;03 87 25 14 44;03 87 25 13 73;strubel@strubel.fr;http://www.qualibat.com/Views/GetFichier.aspx?fn=2016\SIEG-Certificat-39-STRUBEL EUGENE-E39-1-20160419.pdf&f=;
SCHNEIDER;2 RUE DES VERGERS 57890 PORCELETTE;03 87 29 31 31;;schneider.btp@wanadoo.fr;http://www.qualibat.com/Views/GetFichier.aspx?fn=2016\SIEG-Certificat-48-SCHNEIDER-E48-1-20160324.pdf&f=;
LES FILS DE BECK FERDINAND (SARL);3 RUE DE LA MONTAGNE 57200 WIESVILLER;03 87 02 38 33;03 87 02 23 87;contact@ferdinandbeck.fr;http://www.qualibat.com/Views/GetFichier.aspx?fn=2015\SIEG-Certificat-52-LES FILS DE BEC-E52-3-20160325.pdf&f=;
WIT;14 RUE NATIONALE 57455 SEINGBOUSE;03 87 89 12 77;03 87 89 56 32;;http://www.qualibat.com/Views/GetFichier.aspx?fn=2016\SIEG-Certificat-56-WIT-E56-1-20160404.pdf&f=;
SCHWARTZ PAUL;66 RUE J. J. KIEFFER 57230 BITCHE;03 87 96 20 19;03 87 96 22 40;paul.schwartz@wanadoo.fr;http://www.qualibat.com/Views/GetFichier.aspx?fn=2015\SIEG-Certificat-59-SCHWARTZ PAUL-E59-3-20160325.pdf&f=;
SCHAEFFER &  CIE;2, RUE DE BITCHE 57960 MEISENTHAL;03 87 96 83 60;03 87 96 96 84;schaeffer.cie@wanadoo.fr;http://www.qualibat.com/Views/GetFichier.aspx?fn=2016\SIEG-Certificat-60-SCHAEFFER _ CIE-E60-2-20160321.pdf&f=;http://www.qualibat.com/Views/GetFichier.aspx?fn=2016\SIEG-Certificat-60-SCHAEFFER _ CIE-E60-2-20160321-RGEAnnexe.pdf&f=
TOITURES MAGNANI;116 RUE PRINCIPALE 57490 CARLING;03 87 93 43 77;03 87 93 46 56;info@toituresmagnani.fr;http://www.qualibat.com/Views/GetFichier.aspx?fn=2016\SIEG-Certificat-61-TOITURES MAGNAN-E61-1-20160412.pdf&f=;http://www.qualibat.com/Views/GetFichier.aspx?fn=2016\SIEG-Certificat-61-TOITURES MAGNAN-E61-1-20160412-RGEAnnexe.pdf&f=
BERG ET FILS;8 RUE DE STRASBOURG 57430 SARRALBE;03 87 97 81 70;03 87 97 03 23;berg.et.fils@free.fr;http://www.qualibat.com/Views/GetFichier.aspx?fn=2015\SIEG-Certificat-68-BERG  ET FILS-E68-3-20160325.pdf&f=;http://www.qualibat.com/Views/GetFichier.aspx?fn=2015\SIEG-Certificat-68-BERG  ET FILS-E68-3-20160325-RGEAnnexe.pdf&f=
ALBIZZATI ET CIE SAS;ZONE INDUSTRIELLE LEGERE 57740 LONGEVILLE LES ST AVOLD;03 87 91 13 85;03 87 92 95 13;contact@albizzatibtp.fr;http://www.qualibat.com/Views/GetFichier.aspx?fn=2016\D57-Certificat-69-ALBIZZATI  ET C-E69-1-20160404.pdf&f=;
HORNBERGER ET FILS (SEE);62 RUE DE BITCHE 57620 GOETZENBRUCK;03 87 96 81 71;03 87 96 96 97;hornberger.peinture@wanadoo.fr;http://www.qualibat.com/Views/GetFichier.aspx?fn=2016\SIEG-Certificat-71-HORNBERGER ET F-E71-1-20160413.pdf&f=;http://www.qualibat.com/Views/GetFichier.aspx?fn=2016\SIEG-Certificat-71-HORNBERGER ET F-E71-1-20160413-RGEAnnexe.pdf&f=
STENGER S.A.R.L.;277 RUE VICTOR RIMMEL 57240 KNUTANGE;03 82 84 21 28;03 82 84 59 82;stenger57@orange.fr;http://www.qualibat.com/Views/GetFichier.aspx?fn=2015\SIEG-Certificat-73-STENGER S.A.R.L-E73-3-20160416.pdf&f=;http://www.qualibat.com/Views/GetFichier.aspx?fn=2015\SIEG-Certificat-73-STENGER S.A.R.L-E73-3-20160416-RGEAnnexe.pdf&f=
CORDAZZO;26 RUE DE CHENEAU 57130 ANCY SUR MOSELLE;03 87 30 90 72;03 87 30 93 20;cordazzo.sarl@orange.fr;http://www.qualibat.com/Views/GetFichier.aspx?fn=2016\SIEG-Certificat-79-CORDAZZO-E79-1-20160401.pdf&f=;
SOCIETE D'EXPLOITATION DES ETABLISSEMENTS LAUER;ZAC BELLEVUE 57310 GUENANGE;03 82 50 84 40;03 82 50 78 36;lauerolivier@wanadoo.fr;http://www.qualibat.com/Views/GetFichier.aspx?fn=2015\SIEG-Certificat-80-SOCIETE D'EXPLO-E80-2-20160325.pdf&f=;http://www.qualibat.com/Views/GetFichier.aspx?fn=2015\SIEG-Certificat-80-SOCIETE D'EXPLO-E80-2-20160325-RGEAnnexe.pdf&f=
WINDSTEIN CARRELAGES;48 RUE TEYSSIER 57230 BITCHE;03 87 96 01 48;03 87 06 11 92;carrelages.windstein@tubeo.fr;http://www.qualibat.com/Views/GetFichier.aspx?fn=2015\SIEG-Certificat-83-WINDSTEIN CARRE-E83-3-20160329.pdf&f=;
FABRIQUE LORRAINE DE VOLETS ROULANTS;97 ROUTE DE BOUSSANGE 57300 MONDELANGE;03 87 71 45 45;03 87 70 13 57;flvr@wanadoo.fr;http://www.qualibat.com/Views/GetFichier.aspx?fn=2015\SIEG-Certificat-89-FABRIQUE LORRAI-E89-5-20160416.pdf&f=;http://www.qualibat.com/Views/GetFichier.aspx?fn=2015\SIEG-Certificat-89-FABRIQUE LORRAI-E89-5-20160416-RGEAnnexe.pdf&f=
ENTREPRISE OLIVO;12 RUE DES SERRURIERS - Z.I.L. 57070 METZ;03 87 76 95 84;03 87 75 26 07;olivo@olivo57.fr;http://www.qualibat.com/Views/GetFichier.aspx?fn=2015\SIEG-Certificat-91-ENTREPRISE OLIV-E91-2-20160325.pdf&f=;
A.P.I.B;7 RUE DU 18 AOUT 57855 SAINT PRIVAT LA MONTAGNE;03 87 53 50 26;03 87 53 48 71;apibsa@cegetel.net;http://www.qualibat.com/Views/GetFichier.aspx?fn=2015\SIEG-Certificat-94-A.P.I.B-E94-3-20160325.pdf&f=;
EISENBARTH;1 PLACE DU MARCHE 57540 PETITE ROSSELLE;03 87 85 29 22;03 87 88 49 50;eisenbarth@eisenbarth.fr;http://www.qualibat.com/Views/GetFichier.aspx?fn=2015\SIEG-Certificat-98-EISENBARTH-E98-6-20160329.pdf&f=;http://www.qualibat.com/Views/GetFichier.aspx?fn=2015\SIEG-Certificat-98-EISENBARTH-E98-6-20160329-RGEAnnexe.pdf&f=
REATO SAS;7T RUE ROBERT SCHUMAN 57855 SAINT PRIVAT LA MONTAGNE;03 87 53 51 15;03 87 53 48 04;contact@reato.fr;http://www.qualibat.com/Views/GetFichier.aspx?fn=2015\SIEG-Certificat-100-REATO SAS-E100-3-20160325.pdf&f=;
POESY (ETS);36 GRAND'RUE 57920 HELLING VECKRING;03 82 83 50 03;03 82 83 50 03;;http://www.qualibat.com/Views/GetFichier.aspx?fn=2015\SIEG-Certificat-106-POESY (ETS)-E106-3-20160318.pdf&f=;
BOUR MENUISERIE (SARL);RUE DE L'ABREUVOIR 57980 DIEBLING;03 87 02 50 24;03 87 02 59 55;menuiserie.bour@wanadoo.fr;http://www.qualibat.com/Views/GetFichier.aspx?fn=2015\D57-Certificat-111-BOUR MENUISERIE-7226-4-20151014.pdf&f=;
OBRINGER ANDRE (ENTREPRISE);ZAC DE LA BELLE FONTAINE 57151 MARLY CEDEX;03 87 63 71 61;03 87 63 09 67;contact@obringer.fr;http://www.qualibat.com/Views/GetFichier.aspx?fn=2016\SIEG-Certificat-118-OBRINGER ANDRE-E118-1-20160412.pdf&f=;http://www.qualibat.com/Views/GetFichier.aspx?fn=2016\SIEG-Certificat-118-OBRINGER ANDRE-E118-1-20160412-RGEAnnexe.pdf&f=
PFIRSCH ROBERT ET FILS (SARL);ZONE COMMERCIALE 57520 GROSBLIEDERSTROFF;03 87 95 62 88;03 87 09 22 14;menuiserie-ebenisterie-pfirsch@wanadoo.fr;http://www.qualibat.com/Views/GetFichier.aspx?fn=2016\D57-Certificat-120-PFIRSCH ROBERT-E120-1-20160404.pdf&f=;http://www.qualibat.com/Views/GetFichier.aspx?fn=2016\D57-Certificat-120-PFIRSCH ROBERT-E120-1-20160404-RGEAnnexe.pdf&f=
RIEU ET CIE;2 ROUTE NATIONALE 57940 METZERVISSE;03 82 56 92 22;03 82 50 38 44;info@rieu.fr;http://www.qualibat.com/Views/GetFichier.aspx?fn=2015\D57-Certificat-125-RIEU ET CIE-E125-5-20160418.pdf&f=;
CHARPENTE MENUISERIE HALLER;48 RUE DE SARREGUEMINES 57230 BITCHE;03 87 96 01 36;03 87 06 10 33;entreprise.haller@wanadoo.fr;http://www.qualibat.com/Views/GetFichier.aspx?fn=2016\SIEG-Certificat-131-CHARPENTE MENUI-E131-1-20160321.pdf&f=;http://www.qualibat.com/Views/GetFichier.aspx?fn=2016\SIEG-Certificat-131-CHARPENTE MENUI-E131-1-20160321-RGEAnnexe.pdf&f=
CRISTINI;13 A RUE DE LA GARE 57730 VALMONT;03 87 93 93 10;03 87 93 93 13;general@cristini-btp.com;http://www.qualibat.com/Views/GetFichier.aspx?fn=2015\SIEG-Certificat-133-CRISTINI-E133-2-20160325.pdf&f=;http://www.qualibat.com/Views/GetFichier.aspx?fn=2015\SIEG-Certificat-133-CRISTINI-E133-2-20160325-RGEAnnexe.pdf&f=
NICOLETTA ET CIE;13-15 RUE DE GANDRANGE 57185 VITRY SUR ORNE;03 87 67 08 49;03 87 58 22 78;contact.industrie@nicoletta.fr;http://www.qualibat.com/Views/GetFichier.aspx?fn=2016\SIEG-Certificat-135-NICOLETTA ET CI-E135-1-20160412.pdf&f=;http://www.qualibat.com/Views/GetFichier.aspx?fn=2016\SIEG-Certificat-135-NICOLETTA ET CI-E135-1-20160412-RGEAnnexe.pdf&f=
SODIAMARS;37 RUE DU BARROIS 57150 CREUTZWALD;03 87 82 45 72;03 87 82 59 54;sodiamars@orange.fr;http://www.qualibat.com/Views/GetFichier.aspx?fn=2015\SIEG-Certificat-140-SODIAMARS-E140-2-20160325.pdf&f=;
AREND;53 RUE NATIONALE B.P. 60144 57804 FREYMING MERLEBACH CEDEX;03 87 04 69 76;03 87 81 65 10;arend.rosbruck@orange.fr;http://www.qualibat.com/Views/GetFichier.aspx?fn=2016\D57-Certificat-144-AREND-E144-2-20160225.pdf&f=;
DESCHANET MICHEL SA;ZAC D'AUGNY 57685 AUGNY;03 87 38 33 33;03 87 56 09 96;deschanet.sa@wanadoo.fr;http://www.qualibat.com/Views/GetFichier.aspx?fn=2016\SIEG-Certificat-145-DESCHANET MICHE-E145-1-20160419.pdf&f=;
LES PEINTURES REUNIES;22 AVENUE DU GENERAL DE GAULLE 57600 FORBACH;03 87 85 95 33;03 87 85 16 83;forbach@lespeinturesreunies.com;http://www.qualibat.com/Views/GetFichier.aspx?fn=2015\SIEG-Certificat-146-LES PEINTURES R-E146-2-20160325.pdf&f=;http://www.qualibat.com/Views/GetFichier.aspx?fn=2015\SIEG-Certificat-146-LES PEINTURES R-E146-2-20160325-RGEAnnexe.pdf&f=
DELESSE SARL;50 RUE VICTOR HUGO 57690 ZIMMING;03 87 90 31 41;03 87 90 39 09;delesse2@wanadoo.fr;http://www.qualibat.com/Views/GetFichier.aspx?fn=2016\D57-Certificat-153-DELESSE SARL-E153-1-20160307.pdf&f=;http://www.qualibat.com/Views/GetFichier.aspx?fn=2016\D57-Certificat-153-DELESSE SARL-E153-1-20160307-RGEAnnexe.pdf&f=
ETABLISSEMENTS HOULLE SAS;10 RUE DES FRERES LUMIERE 57206 SARREGUEMINES CEDEX;03 87 98 40 21;03 87 98 36 09;houlle.sgms@ets-houlle.fr;http://www.qualibat.com/Views/GetFichier.aspx?fn=2016\SIEG-Certificat-154-ETABLISSEMENTS-E154-1-20160318.pdf&f=;http://www.qualibat.com/Views/GetFichier.aspx?fn=2016\SIEG-Certificat-154-ETABLISSEMENTS-E154-1-20160318-RGEAnnexe.pdf&f=
LESTAN JEAN (ETS);33 AVENUE JEANNE D' ARC 57290 FAMECK;03 82 58 12 24;03 82 58 27 07;secretariat.lestan@orange.fr;http://www.qualibat.com/Views/GetFichier.aspx?fn=2015\SIEG-Certificat-166-LESTAN JEAN (ET-E166-6-20160329.pdf&f=;http://www.qualibat.com/Views/GetFichier.aspx?fn=2015\SIEG-Certificat-166-LESTAN JEAN (ET-E166-6-20160329-RGEAnnexe.pdf&f=
SALMON JEAN;28 ROUTE DE THIONVILLE 57140 WOIPPY;03 55 35 00 13;03 87 31 03 74;mtakatart@groupe-salmon.fr;http://www.qualibat.com/Views/GetFichier.aspx?fn=2015\SIEG-Certificat-175-SALMON JEAN-E175-10-20160329.pdf&f=;http://www.qualibat.com/Views/GetFichier.aspx?fn=2015\SIEG-Certificat-175-SALMON JEAN-E175-10-20160329-RGEAnnexe.pdf&f=
AMBROSINI S.A.S;66 RUE ALTMAYER 57507 SAINT AVOLD CEDEX;03 87 92 02 05;03 87 92 88 44;cnisi@ambrosini.fr;http://www.qualibat.com/Views/GetFichier.aspx?fn=2016\SIEG-Certificat-183-AMBROSINI S.A.S-E183-1-20160225.pdf&f=;
BRIOTET FERMETURES SAS;ZAC D'AUGNY 57685 AUGNY;03 87 63 97 79;03 87 56 98 95;s.briotet@briotet-augny.fr;http://www.qualibat.com/Views/GetFichier.aspx?fn=2016\D57-Certificat-185-BRIOTET FERMETU-E185-1-20160411.pdf&f=;http://www.qualibat.com/Views/GetFichier.aspx?fn=2016\D57-Certificat-185-BRIOTET FERMETU-E185-1-20160411-RGEAnnexe.pdf&f=
HOUPERT S.A.S. - CONSTRUCTIONS METALLIQUES;RUE DE NEUFVILLAGE 57340 VIRMING;03 87 01 74 93;03 87 01 76 05;houpert.sa@wanadoo.fr;http://www.qualibat.com/Views/GetFichier.aspx?fn=2016\SIEG-Certificat-188-HOUPERT S.A.S.-E188-1-20160414.pdf&f=;
VILVOT ET FILS;1 PLACE DES ARTISANS 57310 BERTRANGE;03 82 82 63 15;03 82 82 60 49;etsvilvot@wanadoo.fr;http://www.qualibat.com/Views/GetFichier.aspx?fn=2016\SIEG-Certificat-192-VILVOT ET FILS-E192-1-20160317.pdf&f=;http://www.qualibat.com/Views/GetFichier.aspx?fn=2016\SIEG-Certificat-192-VILVOT ET FILS-E192-1-20160317-RGEAnnexe.pdf&f=
SILISTRINI ET CIE;6 RUE ANTOINE PISLAR 57710 AUMETZ;03 82 52 20 60;03 82 91 28 81;silistrini.platrerie@wanadoo.fr;http://www.qualibat.com/Views/GetFichier.aspx?fn=2016\SIEG-Certificat-194-SILISTRINI ET C-E194-1-20160331.pdf&f=;http://www.qualibat.com/Views/GetFichier.aspx?fn=2016\SIEG-Certificat-194-SILISTRINI ET C-E194-1-20160331-RGEAnnexe.pdf&f=
BOFFO EDOUARD;ZA SIRIUS - CD 47 57360 AMNEVILLE;03 87 71 38 40;03 87 71 38 08;e.boffo@boffo.fr;http://www.qualibat.com/Views/GetFichier.aspx?fn=2015\SIEG-Certificat-197-BOFFO EDOUARD-E197-8-20160408.pdf&f=;http://www.qualibat.com/Views/GetFichier.aspx?fn=2015\SIEG-Certificat-197-BOFFO EDOUARD-E197-8-20160408-RGEAnnexe.pdf&f=
BURG SARL;126 ROUTE DE METZ 57650 FONTOY;03 82 84 02 20;03 82 84 40 59;entreprise.burg@orange.fr;http://www.qualibat.com/Views/GetFichier.aspx?fn=2016\SIEG-Certificat-200-BURG SARL-E200-1-20160216.pdf&f=;http://www.qualibat.com/Views/GetFichier.aspx?fn=2016\SIEG-Certificat-200-BURG SARL-E200-1-20160216-RGEAnnexe.pdf&f=
SOCIETE D'EXPLOITATION DE LA MENUISERIE JUNG EMILE ET FILS;RUE STE BARBE 57410 ROHRBACH LES BITCHE;03 87 09 70 41;03 87 09 79 45;contact@menuiserie-jung.com;http://www.qualibat.com/Views/GetFichier.aspx?fn=2016\SIEG-Certificat-205-SOCIETE D'EXPLO-E205-1-20160330.pdf&f=;
LEG NEWAL;14 RUE DE POITIERS 57970 YUTZ;03 82 56 25 48;03 82 51 99 87;leg.sas@leg-sas.fr;http://www.qualibat.com/Views/GetFichier.aspx?fn=2016\SIEG-Certificat-206-LEG NEWAL-E206-1-20160224.pdf&f=;http://www.qualibat.com/Views/GetFichier.aspx?fn=2016\SIEG-Certificat-206-LEG NEWAL-E206-1-20160224-RGEAnnexe.pdf&f=
GIRARD ALEXANDRE (SARL);16 RUE DES CORPORATIONS 57100 THIONVILLE;03 82 53 30 30;03 82 53 49 66;girard.a2@wanadoo.fr;http://www.qualibat.com/Views/GetFichier.aspx?fn=2015\SIEG-Certificat-207-GIRARD ALEXANDR-E207-2-20160325.pdf&f=;http://www.qualibat.com/Views/GetFichier.aspx?fn=2015\SIEG-Certificat-207-GIRARD ALEXANDR-E207-2-20160325-RGEAnnexe.pdf&f=
SPIES ETABLISSEMENTS (SARL);16 RUE DE BRIEY 57140 SAULNY;03 87 32 50 75;03 87 32 81 40;marotta-spies@orange.fr;http://www.qualibat.com/Views/GetFichier.aspx?fn=2015\SIEG-Certificat-208-SPIES ETABLISSE-E208-2-20160325.pdf&f=;http://www.qualibat.com/Views/GetFichier.aspx?fn=2015\SIEG-Certificat-208-SPIES ETABLISSE-E208-2-20160325-RGEAnnexe.pdf&f=
FLUCKLINGER R. (SOCIETE);123 BOULEVARD ST SYMPHORIEN 57063 METZ CEDEX 2;03 87 66 60 25;03 87 50 76 05;contact@flucklinger.com;http://www.qualibat.com/Views/GetFichier.aspx?fn=2015\SIEG-Certificat-214-FLUCKLINGER R.-E214-4-20160329.pdf&f=;
ENTREPRISE HENSGEN SARL;58 RUE DU GENERAL PATTON 57330 HETTANGE GRANDE;03 82 53 10 09;;sarl.hensgen@wanadoo.fr;http://www.qualibat.com/Views/GetFichier.aspx?fn=2015\SIEG-Certificat-215-ENTREPRISE HENS-E215-2-20160325.pdf&f=;http://www.qualibat.com/Views/GetFichier.aspx?fn=2015\SIEG-Certificat-215-ENTREPRISE HENS-E215-2-20160325-RGEAnnexe.pdf&f=
LA MESSINE;RUE RICHER 57420 CHEMINOT;03 87 69 72 33;03 87 38 12 21;lamessine@wanadoo.fr;http://www.qualibat.com/Views/GetFichier.aspx?fn=2016\D57-Certificat-218-LA MESSINE-E218-1-20160223.pdf&f=;http://www.qualibat.com/Views/GetFichier.aspx?fn=2016\D57-Certificat-218-LA MESSINE-E218-1-20160223-RGEAnnexe.pdf&f=
LOHSTAETTER - DIENER;62 RUE DE STRASBOURG 57430 SARRALBE;03 87 97 92 32;03 87 97 05 12;;http://www.qualibat.com/Views/GetFichier.aspx?fn=2015\SIEG-Certificat-222-LOHSTAETTER - D-E222-3-20160325.pdf&f=;http://www.qualibat.com/Views/GetFichier.aspx?fn=2015\SIEG-Certificat-222-LOHSTAETTER - D-E222-3-20160325-RGEAnnexe.pdf&f=
LOTZ FRERES SA;40 AVENUE FOCH 57730 FOLSCHVILLER;03 87 81 87 81;03 87 92 56 20;lotz@wanadoo.fr;http://www.qualibat.com/Views/GetFichier.aspx?fn=2015\D57-Certificat-223-LOTZ FRERES SA-G8039-1-20150623.pdf&f=;http://www.qualibat.com/Views/GetFichier.aspx?fn=2015\D57-Certificat-223-LOTZ FRERES SA-G8039-1-20150623-RGEAnnexe.pdf&f=
DI VITANTONIO;20 RUE DAUBREE 57245 PELTRE;03 87 74 28 46;03 87 75 58 26;divitantonio@outlook.com;http://www.qualibat.com/Views/GetFichier.aspx?fn=2015\SIEG-Certificat-227-DI VITANTONIO-E227-3-20160416.pdf&f=;http://www.qualibat.com/Views/GetFichier.aspx?fn=2015\SIEG-Certificat-227-DI VITANTONIO-E227-3-20160416-RGEAnnexe.pdf&f=
ETABLISSEMENTS BOCQUI ET FILS;11 BOUCLE DU FERRONNIER 57100 THIONVILLE;03 82 34 13 36;03 82 34 77 14;ste.bocqui@orange.fr;http://www.qualibat.com/Views/GetFichier.aspx?fn=2016\SIEG-Certificat-230-ETABLISSEMENTS-E230-1-20160225.pdf&f=;http://www.qualibat.com/Views/GetFichier.aspx?fn=2016\SIEG-Certificat-230-ETABLISSEMENTS-E230-1-20160225-RGEAnnexe.pdf&f=
NESPOLA (STE D'EXP DE L'ENT);IMPASSE DES VARIMONTS 57140 WOIPPY;03 87 32 85 82;03 87 30 74 93;nespola@nespola.pro;http://www.qualibat.com/Views/GetFichier.aspx?fn=2016\SIEG-Certificat-232-NESPOLA (STE D'-E232-1-20160407.pdf&f=;http://www.qualibat.com/Views/GetFichier.aspx?fn=2016\SIEG-Certificat-232-NESPOLA (STE D'-E232-1-20160407-RGEAnnexe.pdf&f=
GREBIL R. ET CIE;64 RUE DE BITCHE 57620 GOETZENBRUCK;03 87 96 88 02;03 87 96 99 26;alain.grebil@grebil.net;http://www.qualibat.com/Views/GetFichier.aspx?fn=2016\D57-Certificat-233-GREBIL R. ET CI-E233-1-20160405.pdf&f=;
SCHMITT LEON ET FILS;117 RUE DE LA MONTAGNE 57200 SARREGUEMINES;03 87 98 23 97;03 87 98 23 97;maurice.schmitt117@wanadoo.fr;http://www.qualibat.com/Views/GetFichier.aspx?fn=2015\SIEG-Certificat-241-SCHMITT LEON ET-E241-3-20160325.pdf&f=;http://www.qualibat.com/Views/GetFichier.aspx?fn=2015\SIEG-Certificat-241-SCHMITT LEON ET-E241-3-20160325-RGEAnnexe.pdf&f=
ZAVAGNO ENTREPRISE;38 A ROUTE DE SARREBOURG 57400 BUHL LORRAINE;03 87 23 75 03;03 87 23 96 92;zavagno@wanadoo.fr;http://www.qualibat.com/Views/GetFichier.aspx?fn=2015\SIEG-Certificat-248-ZAVAGNO ENTREPR-E248-3-20160325.pdf&f=;
JOFFROY SARL (MENUISERIE);22 RUE RAYMOND MONDON 57860 RONCOURT;03 87 53 51 71;03 87 53 48 90;bernard@joffroy.fr;http://www.qualibat.com/Views/GetFichier.aspx?fn=2016\SIEG-Certificat-249-JOFFROY SARL  (-E249-1-20160226.pdf&f=;http://www.qualibat.com/Views/GetFichier.aspx?fn=2016\SIEG-Certificat-249-JOFFROY SARL  (-E249-1-20160226-RGEAnnexe.pdf&f=
SARL PLATRERIE HEHN FRERES;11 RUE ANTOINE PELLETIER 57520 GROSBLIEDERSTROFF;03 87 09 03 45;;hehnfreres@orange.fr;http://www.qualibat.com/Views/GetFichier.aspx?fn=2016\SIEG-Certificat-262-SARL PLATRERIE-E262-1-20160229.pdf&f=;http://www.qualibat.com/Views/GetFichier.aspx?fn=2016\SIEG-Certificat-262-SARL PLATRERIE-E262-1-20160229-RGEAnnexe.pdf&f=
SCHREIBER ET CIE;ZA - RUE HALLINGER 57520 ROUHLING;03 87 02 50 35;03 87 02 59 65;ets.schreiber@wanadoo.fr;http://www.qualibat.com/Views/GetFichier.aspx?fn=2015\SIEG-Certificat-266-SCHREIBER ET CI-E266-4-20160325.pdf&f=;http://www.qualibat.com/Views/GetFichier.aspx?fn=2015\SIEG-Certificat-266-SCHREIBER ET CI-E266-4-20160325-RGEAnnexe.pdf&f=
TRASANIT;3 RUE DES MUGUETS 57990 HUNDLING;03 87 02 52 45;03 87 02 80 70;trasanit@wanadoo.fr;http://www.qualibat.com/Views/GetFichier.aspx?fn=2015\SIEG-Certificat-276-TRASANIT-E276-7-20160318.pdf&f=;http://www.qualibat.com/Views/GetFichier.aspx?fn=2015\SIEG-Certificat-276-TRASANIT-E276-7-20160318-RGEAnnexe.pdf&f=
SARL ROGER MAIRE ET FILS;11 RUE DE L'ABBAYE B.P. 8003 57028 METZ CEDEX 1;03 87 62 56 92;03 87 66 34 15;maire.et.cie@wanadoo.fr;http://www.qualibat.com/Views/GetFichier.aspx?fn=2015\SIEG-Certificat-277-SARL ROGER MAIR-E277-2-20160325.pdf&f=;http://www.qualibat.com/Views/GetFichier.aspx?fn=2015\SIEG-Certificat-277-SARL ROGER MAIR-E277-2-20160325-RGEAnnexe.pdf&f=
MIROITERIE MOSELLANE;37 RUE DU GENERAL DE GAULLE 57050 LE BAN ST MARTIN;03 87 30 06 83;03 87 30 12 13;mirmos@orange.fr;http://www.qualibat.com/Views/GetFichier.aspx?fn=2015\SIEG-Certificat-286-MIROITERIE MOSE-E286-5-20160325.pdf&f=;http://www.qualibat.com/Views/GetFichier.aspx?fn=2015\SIEG-Certificat-286-MIROITERIE MOSE-E286-5-20160325-RGEAnnexe.pdf&f=
PLATRERIE MOSELLANE;9 IMP. DES ANCIENS HAUTS FOURNEAUX 57100 THIONVILLE;03 82 88 15 15;03 82 88 49 37;poch.christophe@wanadoo.fr;http://www.qualibat.com/Views/GetFichier.aspx?fn=2015\SIEG-Certificat-288-PLATRERIE MOSEL-E288-2-20160325.pdf&f=;http://www.qualibat.com/Views/GetFichier.aspx?fn=2015\SIEG-Certificat-288-PLATRERIE MOSEL-E288-2-20160325-RGEAnnexe.pdf&f=
GUENANGE CHAUFFAGE;18 BIS BLD SOUS LES VIGNES 57310 GUENANGE;03 82 82 66 15;03 82 59 36 20;guenangechauffage@neuf.fr;http://www.qualibat.com/Views/GetFichier.aspx?fn=2015\SIEG-Certificat-289-GUENANGE CHAUFF-E289-3-20160416.pdf&f=;http://www.qualibat.com/Views/GetFichier.aspx?fn=2015\SIEG-Certificat-289-GUENANGE CHAUFF-E289-3-20160416-RGEAnnexe.pdf&f=
ZUCCOLO (SEE);Z.A. DU CHAMPS DE MARS 57270 RICHEMONT;03 87 71 29 65;03 87 70 21 78;ets.zuccolo@wanadoo.fr;http://www.qualibat.com/Views/GetFichier.aspx?fn=2016\SIEG-Certificat-292-ZUCCOLO (SEE)-E292-1-20160419.pdf&f=;http://www.qualibat.com/Views/GetFichier.aspx?fn=2016\SIEG-Certificat-292-ZUCCOLO (SEE)-E292-1-20160419-RGEAnnexe.pdf&f=
S.E. DES ETS TRITZ FRANCOIS;7 RUE ERCKMANN CHATRIAN 57320 OBERDORFF;03 87 78 45 70;03 87 78 44 98;se.tritz57320@orange.fr;http://www.qualibat.com/Views/GetFichier.aspx?fn=2015\SIEG-Certificat-293-S.E. DES ETS TR-E293-3-20160325.pdf&f=;
MANGIULLO ANTOINE;135 AVENUE JEANNE D'ARC 57290 FAMECK;03 82 52 87 60;03 82 58 42 45;info@mangiullo-peinture.com;http://www.qualibat.com/Views/GetFichier.aspx?fn=2016\SIEG-Certificat-294-MANGIULLO ANTOI-E294-1-20160321.pdf&f=;http://www.qualibat.com/Views/GetFichier.aspx?fn=2016\SIEG-Certificat-294-MANGIULLO ANTOI-E294-1-20160321-RGEAnnexe.pdf&f=
COFATEC (COMPAGNIE FRANCAISE D'ASSISTANCE TECHNIQUE);3 RUE DES ORMES 57140 LA MAXE;03 87 62 25 97;03 87 66 82 77;agence@sas-cofatec.fr;http://www.qualibat.com/Views/GetFichier.aspx?fn=2015\SIEG-Certificat-297-COFATEC (COMPAG-E297-7-20160325.pdf&f=;http://www.qualibat.com/Views/GetFichier.aspx?fn=2015\SIEG-Certificat-297-COFATEC (COMPAG-E297-7-20160325-RGEAnnexe.pdf&f=
RENE HELLUY SAS;RUE EDOUARD BRANLY 57400 SARREBOURG;03 87 03 10 81;03 87 23 93 62;rene.helluy@wanadoo.fr;http://www.qualibat.com/Views/GetFichier.aspx?fn=2015\D57-Certificat-305-RENE HELLUY SAS-8413-7-20151015.pdf&f=;http://www.qualibat.com/Views/GetFichier.aspx?fn=2015\D57-Certificat-305-RENE HELLUY SAS-8413-7-20151015-RGEAnnexe.pdf&f=
ENTREPRISE A.VIRGILI CHAUFFAGE ET SANITAIRE SAS;488 ROUTE DE FONTOY 57440 ANGEVILLERS;03 82 59 45 10;03 82 91 75 12;contact@virgili.fr;http://www.qualibat.com/Views/GetFichier.aspx?fn=2016\D57-Certificat-308-ENTREPRISE A.VI-E308-1-20160411.pdf&f=;http://www.qualibat.com/Views/GetFichier.aspx?fn=2016\D57-Certificat-308-ENTREPRISE A.VI-E308-1-20160411-RGEAnnexe.pdf&f=
BROVEDANI B.T.P.;2 AVENUE BADE WURTENBERG 57380 FAULQUEMONT;03 87 91 04 40;03 87 91 03 14;olivier.brovedani@brovedani.fr;http://www.qualibat.com/Views/GetFichier.aspx?fn=2015\SIEG-Certificat-313-BROVEDANI B.T.P-E313-2-20160325.pdf&f=;
VAGOST SARL;22,RUE DE LA RIVIÈRE 57400 HILBESHEIM;03 87 07 70 44;03 87 07 70 44;menuiserie-vagost@orange.fr;http://www.qualibat.com/Views/GetFichier.aspx?fn=2016\SIEG-Certificat-318-VAGOST SARL-E318-1-20160224.pdf&f=;http://www.qualibat.com/Views/GetFichier.aspx?fn=2016\SIEG-Certificat-318-VAGOST SARL-E318-1-20160224-RGEAnnexe.pdf&f=
RFPB (REVETEMENTS FACADES PEINTURES BATIMENTS);2 A RUE DE LA LIBERTE 57450 THEDING;03 87 89 14 26;03 87 89 19 60;rfpb.rfpb@orange.fr;http://www.qualibat.com/Views/GetFichier.aspx?fn=2015\SIEG-Certificat-323-RFPB (REVETEMEN-E323-3-20160325.pdf&f=;http://www.qualibat.com/Views/GetFichier.aspx?fn=2015\SIEG-Certificat-323-RFPB (REVETEMEN-E323-3-20160325-RGEAnnexe.pdf&f=
BECKER (STE D'EXP DES ETS);Z.A. MESSOMPRE 57280 SEMECOURT;03 87 51 11 60;03 87 51 20 42;michelbecker57280@gmail.com;http://www.qualibat.com/Views/GetFichier.aspx?fn=2015\SIEG-Certificat-325-BECKER (STE D'E-E325-2-20160325.pdf&f=;http://www.qualibat.com/Views/GetFichier.aspx?fn=2015\SIEG-Certificat-325-BECKER (STE D'E-E325-2-20160325-RGEAnnexe.pdf&f=
ETS LEON BAR;37 AVENUE DE STRASBOURG 57070 METZ;03 87 74 16 33;03 87 74 78 50;valerie@barsecurite.fr;http://www.qualibat.com/Views/GetFichier.aspx?fn=2015\SIEG-Certificat-328-ETS LEON BAR-E328-3-20160325.pdf&f=;http://www.qualibat.com/Views/GetFichier.aspx?fn=2015\SIEG-Certificat-328-ETS LEON BAR-E328-3-20160325-RGEAnnexe.pdf&f=
BARBIER ROGER (S.E.E) ET FILS;ZAC DE JAILLY 57535 MARANGE SILVANGE;03 87 80 54 33;03 87 51 94 92;barbier.the@orange.fr;http://www.qualibat.com/Views/GetFichier.aspx?fn=2016\SIEG-Certificat-342-BARBIER ROGER (-E342-1-20160419.pdf&f=;http://www.qualibat.com/Views/GetFichier.aspx?fn=2016\SIEG-Certificat-342-BARBIER ROGER (-E342-1-20160419-RGEAnnexe.pdf&f=
KUBLER - CHEVRIER ETS;10 VALLEE DES LOUPS 57560 ABRESCHVILLER;03 87 03 11 42;03 87 23 09 97;kubler.chevrier@gmail.com;http://www.qualibat.com/Views/GetFichier.aspx?fn=2016\SIEG-Certificat-343-KUBLER - CHEVRI-E343-1-20160219.pdf&f=;http://www.qualibat.com/Views/GetFichier.aspx?fn=2016\SIEG-Certificat-343-KUBLER - CHEVRI-E343-1-20160219-RGEAnnexe.pdf&f=
EGPL;ZONE ARTISANALE 57865 AMANVILLERS;03 87 53 42 13;03 87 53 51 96;egpl@peinture-egpl.fr;http://www.qualibat.com/Views/GetFichier.aspx?fn=2015\SIEG-Certificat-347-EGPL-E347-4-20160325.pdf&f=;http://www.qualibat.com/Views/GetFichier.aspx?fn=2015\SIEG-Certificat-347-EGPL-E347-4-20160325-RGEAnnexe.pdf&f=
DURIGON S.A.R.L.;16 RUE D'EMMERSWEILER 57600 FORBACH;03 87 85 03 18;03 87 85 03 18;ent.durigon@orange.fr;http://www.qualibat.com/Views/GetFichier.aspx?fn=2015\SIEG-Certificat-350-DURIGON S.A.R.L-E350-2-20160325.pdf&f=;
GENERALE DE CHAUFFAGE WEBER MICHEL;9 ROUTE DE MARANGE 57280 MAIZIERES LES METZ;03 87 80 48 96;03 87 51 91 08;sgc.weber@wanadoo.fr;http://www.qualibat.com/Views/GetFichier.aspx?fn=2015\SIEG-Certificat-354-GENERALE DE CHA-E354-2-20160325.pdf&f=;http://www.qualibat.com/Views/GetFichier.aspx?fn=2015\SIEG-Certificat-354-GENERALE DE CHA-E354-2-20160325-RGEAnnexe.pdf&f=
VALLOIS CLAUDE - S.A.R.L.;95 RUE ST QUENTIN 57950 MONTIGNY LES METZ;03 87 63 80 88;03 87 56 92 42;claude.vallois@yahoo.fr;http://www.qualibat.com/Views/GetFichier.aspx?fn=2016\SIEG-Certificat-355-VALLOIS CLAUDE-E355-1-20160308.pdf&f=;http://www.qualibat.com/Views/GetFichier.aspx?fn=2016\SIEG-Certificat-355-VALLOIS CLAUDE-E355-1-20160308-RGEAnnexe.pdf&f=
WERQUET (ETABLISSEMENTS);40 RUE DES FRERES HERBETH 57430 SARRALBE;03 87 97 03 93;;ets.werquet@orange.fr;http://www.qualibat.com/Views/GetFichier.aspx?fn=2016\SIEG-Certificat-360-WERQUET (ETABLI-E360-1-20160223.pdf&f=;http://www.qualibat.com/Views/GetFichier.aspx?fn=2016\SIEG-Certificat-360-WERQUET (ETABLI-E360-1-20160223-RGEAnnexe.pdf&f=
PASTRO FRERES;ZI CHEMIN DE LA HEID 57350 STIRING WENDEL;03 87 87 53 51;03 87 85 69 86;ppfx@sfr.fr;;
PIGEOT BERNARD;39 RUE JEAN BURGER 57070 STJULIENLESMETZ;03 87 76 18 18;03 87 36 23 62;bernard.pigeot@modulonet.fr;http://www.qualibat.com/Views/GetFichier.aspx?fn=2015\SIEG-Certificat-368-PIGEOT BERNARD-E368-2-20160325.pdf&f=;http://www.qualibat.com/Views/GetFichier.aspx?fn=2015\SIEG-Certificat-368-PIGEOT BERNARD-E368-2-20160325-RGEAnnexe.pdf&f=
BATI RENOV;30 RUE DU PLAN INCLINE 57405 ARZVILLER;03 87 07 93 43;;;http://www.qualibat.com/Views/GetFichier.aspx?fn=2015\SIEG-Certificat-371-BATI RENOV-E371-4-20160325.pdf&f=;http://www.qualibat.com/Views/GetFichier.aspx?fn=2015\SIEG-Certificat-371-BATI RENOV-E371-4-20160325-RGEAnnexe.pdf&f=
CHEMI-TECHNIC/TECHNI-TOITURE;19 RUE EDMOND GOUDCHAUX 57000 METZ;03 87 50 51 55;03 87 55 18 83;chemitechnic@wanadoo.fr;http://www.qualibat.com/Views/GetFichier.aspx?fn=2016\SIEG-Certificat-376-CHEMI-TECHNIC_T-E376-1-20160414.pdf&f=;
DECKER SARL;5 RUE DU CHAUDRON 57220 BOULAY;03 87 79 16 56;;antoine.trunfio@wanadoo.fr;http://www.qualibat.com/Views/GetFichier.aspx?fn=2015\SIEG-Certificat-377-DECKER SARL-E377-2-20160318.pdf&f=;http://www.qualibat.com/Views/GetFichier.aspx?fn=2015\SIEG-Certificat-377-DECKER SARL-E377-2-20160318-RGEAnnexe.pdf&f=
FENCL CHAUFFAGE SARL;ROUTE DE METZ 57220 PIBLANGE STREIFFEL;03 87 35 76 95;03 87 35 79 88;jocelyne.fencl@wanadoo.fr;http://www.qualibat.com/Views/GetFichier.aspx?fn=2016\D57-Certificat-378-FENCL CHAUFFAGE-E378-1-20160405.pdf&f=;http://www.qualibat.com/Views/GetFichier.aspx?fn=2016\D57-Certificat-378-FENCL CHAUFFAGE-E378-1-20160405-RGEAnnexe.pdf&f=
LES COMPAGNONS DU BOIS (S.C.O.P.);14 BIS RUE DES DRAPIERS 57070 METZ;03 87 74 93 35;03 87 74 93 60;lescompagnonsdubois@wanadoo.fr;http://www.qualibat.com/Views/GetFichier.aspx?fn=2016\D57-Certificat-381-LES COMPAGNONS-E381-1-20160314.pdf&f=;
DE NARDA MENUISERIE;RUE DU DOCTEUR SCHWEITZER Z.I.L. 57130 ARS SUR MOSELLE;03 87 77 77 60;03 87 77 77 61;menuiserie@denarda.com;http://www.qualibat.com/Views/GetFichier.aspx?fn=2016\SIEG-Certificat-382-DE NARDA MENUIS-E382-1-20160302.pdf&f=;http://www.qualibat.com/Views/GetFichier.aspx?fn=2016\SIEG-Certificat-382-DE NARDA MENUIS-E382-1-20160302-RGEAnnexe.pdf&f=
SMCP RICHARD PIERRE;Z.A. DE PELTRE 57245 PELTRE;03 87 38 21 60;03 87 38 14 74;smcp.richard@wanadoo.fr;http://www.qualibat.com/Views/GetFichier.aspx?fn=2015\SIEG-Certificat-383-SMCP RICHARD PI-E383-3-20160416.pdf&f=;
MAYEUR ET ROMANI LES TECHNICIENS DU TOIT;ROUTE DE VITRY 57270 UCKANGE;03 82 86 19 20;03 82 86 14 11;mayeur-romani@wanadoo.fr;http://www.qualibat.com/Views/GetFichier.aspx?fn=2016\SIEG-Certificat-387-MAYEUR ET ROMAN-E387-1-20160321.pdf&f=;http://www.qualibat.com/Views/GetFichier.aspx?fn=2016\SIEG-Certificat-387-MAYEUR ET ROMAN-E387-1-20160321-RGEAnnexe.pdf&f=
CORAN ET SOLDERA;38 BOUCLE DU FERRONNIER 57180 TERVILLE;03 82 59 60 59;03 82 59 60 55;sebastien.coran@gmail.com;http://www.qualibat.com/Views/GetFichier.aspx?fn=2016\SIEG-Certificat-396-CORAN ET SOLDER-E396-1-20160412.pdf&f=;http://www.qualibat.com/Views/GetFichier.aspx?fn=2016\SIEG-Certificat-396-CORAN ET SOLDER-E396-1-20160412-RGEAnnexe.pdf&f=
LES MENUISIERS REUNIS;4 RUE DES ARTISANS 57100 THIONVILLE;03 82 51 01 07;03 82 56 66 88;les-menuisiers-reunis@wanadoo.fr;http://www.qualibat.com/Views/GetFichier.aspx?fn=2015\SIEG-Certificat-401-LES MENUISIERS-E401-2-20160325.pdf&f=;
SOCIETE D'EXPLOITATION DE L'ENTREPRISE POINSIGNON;25 RUE DE LA GARE 57940 METZERVISSE;03 82 56 90 40;03 82 56 97 40;0684815243@orange.fr;http://www.qualibat.com/Views/GetFichier.aspx?fn=2015\SIEG-Certificat-407-SOCIETE D'EXPLO-E407-5-20160318.pdf&f=;http://www.qualibat.com/Views/GetFichier.aspx?fn=2015\SIEG-Certificat-407-SOCIETE D'EXPLO-E407-5-20160318-RGEAnnexe.pdf&f=
LE CHAUFFAGE LORRAIN;54 RUE DU STADE 57490 L'HOPITAL;03 87 93 52 66;03 87 90 20 81;lechauffage.lorrain@wanadoo.fr;http://www.qualibat.com/Views/GetFichier.aspx?fn=2016\SIEG-Certificat-411-LE CHAUFFAGE LO-E411-1-20160404.pdf&f=;http://www.qualibat.com/Views/GetFichier.aspx?fn=2016\SIEG-Certificat-411-LE CHAUFFAGE LO-E411-1-20160404-RGEAnnexe.pdf&f=
CHAUFFAGES ET FERMETURES DE L'EST (CFE);3 PLACE THEODORE HEITZMANN 57620 LEMBERG;03 87 06 44 61;03 87 06 85 50;cfe57@orange.fr;http://www.qualibat.com/Views/GetFichier.aspx?fn=2015\SIEG-Certificat-412-CHAUFFAGES ET F-E412-7-20160325.pdf&f=;http://www.qualibat.com/Views/GetFichier.aspx?fn=2015\SIEG-Certificat-412-CHAUFFAGES ET F-E412-7-20160325-RGEAnnexe.pdf&f=
NAPOLI FRERES;29 A RUE DE VERDUN 57120 ROMBAS;03 87 67 53 58;03 87 67 23 23;sarl.napoli@wanadoo.fr;http://www.qualibat.com/Views/GetFichier.aspx?fn=2015\SIEG-Certificat-413-NAPOLI FRERES-E413-3-20160325.pdf&f=;http://www.qualibat.com/Views/GetFichier.aspx?fn=2015\SIEG-Certificat-413-NAPOLI FRERES-E413-3-20160325-RGEAnnexe.pdf&f=
DI FILIPPO MENUISERIE;28 BOUCLE DU FERRONNIER 57100 THIONVILLE;03 82 34 35 43;03 82 88 56 40;mendifilippo@free.fr;http://www.qualibat.com/Views/GetFichier.aspx?fn=2016\D57-Certificat-414-DI FILIPPO MENU-E414-1-20160324.pdf&f=;http://www.qualibat.com/Views/GetFichier.aspx?fn=2016\D57-Certificat-414-DI FILIPPO MENU-E414-1-20160324-RGEAnnexe.pdf&f=
REIMANN;28 RUE DU BOIS D'ORLY 57685 AUGNY;03 87 55 22 02;;info@reimann.fr;http://www.qualibat.com/Views/GetFichier.aspx?fn=2016\SIEG-Certificat-438-REIMANN-E438-1-20160405.pdf&f=;http://www.qualibat.com/Views/GetFichier.aspx?fn=2016\SIEG-Certificat-438-REIMANN-E438-1-20160405-RGEAnnexe.pdf&f=
LIMIDO SERRURERIE;2 RUE DU BAZIN 57160 ROZERIEULLES;03 87 60 11 78;03 87 60 12 91;sarl.limido@orange.fr;http://www.qualibat.com/Views/GetFichier.aspx?fn=2015\SIEG-Certificat-441-LIMIDO SERRURER-E441-2-20160325.pdf&f=;
HOFFMANN REMIATTE;71 RUE KELLERMANN 57000 METZ;03 87 63 77 32;03 87 63 38 20;hof.rem@wanadoo.fr;http://www.qualibat.com/Views/GetFichier.aspx?fn=2016\SIEG-Certificat-443-HOFFMANN REMIAT-E443-1-20160418.pdf&f=;http://www.qualibat.com/Views/GetFichier.aspx?fn=2016\SIEG-Certificat-443-HOFFMANN REMIAT-E443-1-20160418-RGEAnnexe.pdf&f=
GRANTHIL GILBERT;1 ROUTE NATIONALE 57480 MALLING;03 82 50 14 40;03 82 50 33 79;menuiserie.granthil@orange.fr;http://www.qualibat.com/Views/GetFichier.aspx?fn=2016\D57-Certificat-445-GRANTHIL GILBER-E445-1-20160322.pdf&f=;http://www.qualibat.com/Views/GetFichier.aspx?fn=2016\D57-Certificat-445-GRANTHIL GILBER-E445-1-20160322-RGEAnnexe.pdf&f=
MENICA SARL;21 RUE PRINCIPALE 57920 BUDING;03 82 83 50 72;03 82 83 51 10;contact@menuiserie-menica.fr;http://www.qualibat.com/Views/GetFichier.aspx?fn=2016\SIEG-Certificat-449-MENICA SARL-E449-2-20160229.pdf&f=;
GF MOSELLE;AVENUE DES SAULNIERS 57170 CHATEAU SALINS;03 87 05 11 47;03 87 05 28 65;michelet.gfmoselle@wanadoo.fr;http://www.qualibat.com/Views/GetFichier.aspx?fn=2015\SIEG-Certificat-454-GF MOSELLE-E454-3-20160325.pdf&f=;
SOMOBAT (SOCIETE MODERNE DE BATIMENT);5 RUE DES VIGNES 57050 LONGEVILLE LES METZ;03 87 30 37 81;;72somobat@orange.fr;http://www.qualibat.com/Views/GetFichier.aspx?fn=2016\SIEG-Certificat-457-SOMOBAT (SOCIET-E457-1-20160325.pdf&f=;http://www.qualibat.com/Views/GetFichier.aspx?fn=2016\SIEG-Certificat-457-SOMOBAT (SOCIET-E457-1-20160325-RGEAnnexe.pdf&f=
ISOLHOME;4 IMPASSE BEL AIR 57200 BLIES GUERSVILLER;03 87 95 31 30;;isol.home@orange.fr;http://www.qualibat.com/Views/GetFichier.aspx?fn=2016\D57-Certificat-468-ISOLHOME-E468-4-20160318.pdf&f=;http://www.qualibat.com/Views/GetFichier.aspx?fn=2016\D57-Certificat-468-ISOLHOME-E468-4-20160318-RGEAnnexe.pdf&f=
TEITGEN MENUISERIE (SARL);10 AVENUE DE GAULLE 57570 CATTENOM;03 82 55 41 96;03 82 55 32 13;menuiserieteitgen@wanadoo.fr;http://www.qualibat.com/Views/GetFichier.aspx?fn=2016\D57-Certificat-471-TEITGEN MENUISE-E471-1-20160404.pdf&f=;http://www.qualibat.com/Views/GetFichier.aspx?fn=2016\D57-Certificat-471-TEITGEN MENUISE-E471-1-20160404-RGEAnnexe.pdf&f=
ALU BADRE SARL;CS 80024 SCY CHAZELLES 57161 MOULINS LES METZ CEDEX;03 87 60 01 83;03 87 60 59 56;secretariat@alu-badre.com;http://www.qualibat.com/Views/GetFichier.aspx?fn=2016\D57-Certificat-472-ALU BADRE SARL-E472-1-20160329.pdf&f=;http://www.qualibat.com/Views/GetFichier.aspx?fn=2016\D57-Certificat-472-ALU BADRE SARL-E472-1-20160329-RGEAnnexe.pdf&f=
CIBE;12 RUE ST FIACRE 57100 THIONVILLE;03 82 53 26 98;03 82 53 13 98;cibe-thionville@wanadoo.fr;http://www.qualibat.com/Views/GetFichier.aspx?fn=2015\SIEG-Certificat-482-CIBE-E482-3-20160318.pdf&f=;
ANTONICELLI MARIO;129 B ROUTE DE LORRY 57050 METZ;03 87 30 02 41;03 87 32 17 84;mario.antonicelli@wanadoo.fr;http://www.qualibat.com/Views/GetFichier.aspx?fn=2015\SIEG-Certificat-490-ANTONICELLI MAR-E490-6-20160416.pdf&f=;
BARTH MENUISERIE EBENISTERIE;98 RUE DE STRASBOURG 57070 METZ;03 87 74 34 29;03 87 36 91 83;menuiserie-barth@arteba.fr;http://www.qualibat.com/Views/GetFichier.aspx?fn=2016\D57-Certificat-492-BARTH MENUISERI-E492-1-20160223.pdf&f=;http://www.qualibat.com/Views/GetFichier.aspx?fn=2016\D57-Certificat-492-BARTH MENUISERI-E492-1-20160223-RGEAnnexe.pdf&f=
WEIL - SARL;53 RUE BASSE ANNEAU 57560 ST QUIRIN;03 87 08 63 30;03 87 08 67 47;amandine.weil@wanadoo.fr;http://www.qualibat.com/Views/GetFichier.aspx?fn=2016\SIEG-Certificat-509-WEIL - SARL-E509-1-20160414.pdf&f=;
TECHNIQUES DE CHAUFFAGE;6 RUE DE BOURGOGNE 57690 CREHANGE;03 87 94 23 26;03 87 94 48 20;techniquesdechauffage@wanadoo.fr;http://www.qualibat.com/Views/GetFichier.aspx?fn=2015\SIEG-Certificat-512-TECHNIQUES DE C-E512-2-20160325.pdf&f=;http://www.qualibat.com/Views/GetFichier.aspx?fn=2015\SIEG-Certificat-512-TECHNIQUES DE C-E512-2-20160325-RGEAnnexe.pdf&f=
SOGETRA;1 ROUTE DE BRIEY 57160 CHATEL ST GERMAIN;03 87 60 46 44;03 87 60 44 50;fabio.costantini@rizzon.com;http://www.qualibat.com/Views/GetFichier.aspx?fn=2016\D57-Certificat-519-SOGETRA-E519-1-20160229.pdf&f=;
HEER FRERES;PARC ACTISUD SAINT JEAN 57130 JOUY AUX ARCHES;03 87 38 77 50;03 87 38 77 51;heerfreres@gmail.com;http://www.qualibat.com/Views/GetFichier.aspx?fn=2015\SIEG-Certificat-523-HEER FRERES-E523-3-20160325.pdf&f=;http://www.qualibat.com/Views/GetFichier.aspx?fn=2015\SIEG-Certificat-523-HEER FRERES-E523-3-20160325-RGEAnnexe.pdf&f=
W.Z. CONSTRUCTIONS;VOIE ROMAINE 57280 SEMECOURT;03 87 51 15 16;03 87 51 10 55;zannier.constructions@wanadoo.fr;http://www.qualibat.com/Views/GetFichier.aspx?fn=2016\SIEG-Certificat-528-W.Z. CONSTRUCTI-E528-1-20160401.pdf&f=;
HABITAT SERVICE ABRAM;5 PLACE DE LA LIBERATION 57470 HOMBOURG HAUT;03 87 81 49 21;;habitatserviceabram@orange.fr;http://www.qualibat.com/Views/GetFichier.aspx?fn=2015\SIEG-Certificat-537-HABITAT SERVICE-E537-3-20160325.pdf&f=;http://www.qualibat.com/Views/GetFichier.aspx?fn=2015\SIEG-Certificat-537-HABITAT SERVICE-E537-3-20160325-RGEAnnexe.pdf&f=
FORCA GILBERT;7 RUE DE LA FERME ST LADRE 57155 MARLY;03 87 65 20 30;03 87 62 56 94;gilbertforca@voila.fr;http://www.qualibat.com/Views/GetFichier.aspx?fn=2015\SIEG-Certificat-540-FORCA GILBERT-E540-7-20160325.pdf&f=;http://www.qualibat.com/Views/GetFichier.aspx?fn=2015\SIEG-Certificat-540-FORCA GILBERT-E540-7-20160325-RGEAnnexe.pdf&f=
CHEMI SERVICES S.A.R.L.;Z.A RUE DU PONT 57525 TALANGE;03 87 70 21 70;03 87 70 32 96;chemi-services@wanadoo.fr;http://www.qualibat.com/Views/GetFichier.aspx?fn=2015\SIEG-Certificat-543-CHEMI SERVICES-E543-2-20160325.pdf&f=;
BALESTRERI S.A.R.L.;42 RUE DE HOMBOURG 57470 GUENVILLER;03 87 90 80 81;03 87 90 82 56;paul.balestreri@wanadoo.fr;http://www.qualibat.com/Views/GetFichier.aspx?fn=2015\SIEG-Certificat-546-BALESTRERI  S.A-E546-8-20160402.pdf&f=;http://www.qualibat.com/Views/GetFichier.aspx?fn=2015\SIEG-Certificat-546-BALESTRERI  S.A-E546-8-20160402-RGEAnnexe.pdf&f=
BOHLE;ZI LA HEID 57351 STIRING WENDEL CEDEX;03 87 87 52 76;03 87 88 05 20;christine.wendling@bohle-france.fr;http://www.qualibat.com/Views/GetFichier.aspx?fn=2015\SIEG-Certificat-553-BOHLE-E553-2-20160325.pdf&f=;
MASCI SAS;ZA DU CHAMP DE MARS 57270 RICHEMONT;03 87 71 43 95;03 87 70 11 52;masci.bruno@masci.fr;http://www.qualibat.com/Views/GetFichier.aspx?fn=2015\SIEG-Certificat-561-MASCI SAS-E561-2-20160325.pdf&f=;http://www.qualibat.com/Views/GetFichier.aspx?fn=2015\SIEG-Certificat-561-MASCI SAS-E561-2-20160325-RGEAnnexe.pdf&f=
BECKER SARL;14 VOIE ROMAINE 57320 ANZELING;03 87 35 75 27;03 87 75 71 40;beckertp57@sfr.fr;http://www.qualibat.com/Views/GetFichier.aspx?fn=2016\SIEG-Certificat-566-BECKER SARL-E566-1-20160223.pdf&f=;
SIMALU;RUE DE LA CHAPELLE 57890 PORCELETTE;03 87 93 78 10;03 87 90 11 78;simalu@wanadoo.fr;http://www.qualibat.com/Views/GetFichier.aspx?fn=2016\SIEG-Certificat-568-SIMALU-E568-1-20160414.pdf&f=;http://www.qualibat.com/Views/GetFichier.aspx?fn=2016\SIEG-Certificat-568-SIMALU-E568-1-20160414-RGEAnnexe.pdf&f=
SOFIB (SARL);40, AVENUE DE THIONVILLE 57148 WOIPPY CEDEX;03 87 32 24 32;03 87 32 88 82;info@sofib-metal.com;http://www.qualibat.com/Views/GetFichier.aspx?fn=2015\SIEG-Certificat-569-SOFIB (SARL)-E569-3-20160325.pdf&f=;http://www.qualibat.com/Views/GetFichier.aspx?fn=2015\SIEG-Certificat-569-SOFIB (SARL)-E569-3-20160325-RGEAnnexe.pdf&f=
PIFFLINGER JEAN EMILE (S.A.R.L.);6,IMPASSE GÉO CHAVEZ 57155 MARLY;03 87 65 51 14;03 87 50 51 01;jean-emile.pifflinger@wanadoo.fr;http://www.qualibat.com/Views/GetFichier.aspx?fn=2015\SIEG-Certificat-573-PIFFLINGER JEAN-E573-2-20160325.pdf&f=;http://www.qualibat.com/Views/GetFichier.aspx?fn=2015\SIEG-Certificat-573-PIFFLINGER JEAN-E573-2-20160325-RGEAnnexe.pdf&f=
SERPLASTE;142 RUE POINCARE 57340 MORHANGE;03 87 86 14 55;03 87 86 26 95;courrier.serplaste@wanadoo.fr;http://www.qualibat.com/Views/GetFichier.aspx?fn=2016\D57-Certificat-576-SERPLASTE-E576-1-20160301.pdf&f=;http://www.qualibat.com/Views/GetFichier.aspx?fn=2016\D57-Certificat-576-SERPLASTE-E576-1-20160301-RGEAnnexe.pdf&f=
GODIN SARL;46 RUE DE METZ 57255 SAINTE MARIE AUX CHENES;03 87 61 92 31;03 87 61 89 50;c.godin.chauff@sarlgodin.fr;http://www.qualibat.com/Views/GetFichier.aspx?fn=2016\SIEG-Certificat-577-GODIN SARL-E577-1-20160314.pdf&f=;http://www.qualibat.com/Views/GetFichier.aspx?fn=2016\SIEG-Certificat-577-GODIN SARL-E577-1-20160314-RGEAnnexe.pdf&f=
METZGER SAS;13 RUE DES DRAPIERS 57070 METZ;03 87 74 23 42;03 87 76 98 56;accueil@metzgerlorraine.fr;http://www.qualibat.com/Views/GetFichier.aspx?fn=2015\SIEG-Certificat-582-METZGER SAS-E582-2-20160325.pdf&f=;http://www.qualibat.com/Views/GetFichier.aspx?fn=2015\SIEG-Certificat-582-METZGER SAS-E582-2-20160325-RGEAnnexe.pdf&f=
MATT PASCAL;ZONE ARTISANALE 57565 NIDERVILLER;03 87 03 17 89;03 87 03 17 89;pascal.matt57@orange.fr;http://www.qualibat.com/Views/GetFichier.aspx?fn=2015\SIEG-Certificat-584-MATT PASCAL-E584-8-20160325.pdf&f=;http://www.qualibat.com/Views/GetFichier.aspx?fn=2015\SIEG-Certificat-584-MATT PASCAL-E584-8-20160325-RGEAnnexe.pdf&f=
BONECHER;5 VOIE ROMAINE 57280 SEMECOURT;03 87 30 49 98;03 87 30 28 88;secretariat@bonecher.fr;http://www.qualibat.com/Views/GetFichier.aspx?fn=2016\D57-Certificat-595-BONECHER-E595-1-20160412.pdf&f=;http://www.qualibat.com/Views/GetFichier.aspx?fn=2016\D57-Certificat-595-BONECHER-E595-1-20160412-RGEAnnexe.pdf&f=
J.D.B. CHARPENTES;CHEMIN DU LEIDT 57108 THIONVILLE CEDEX;03 82 34 75 16;03 82 34 87 54;jdb.charpentes@orange.fr;http://www.qualibat.com/Views/GetFichier.aspx?fn=2016\SIEG-Certificat-597-J.D.B. CHARPENT-E597-1-20160401.pdf&f=;http://www.qualibat.com/Views/GetFichier.aspx?fn=2016\SIEG-Certificat-597-J.D.B. CHARPENT-E597-1-20160401-RGEAnnexe.pdf&f=
NISSE FRERES ET CIE;40 AVENUE POINCARE 57400 SARREBOURG;03 87 03 17 15;03 87 03 50 83;info@nisse.fr;http://www.qualibat.com/Views/GetFichier.aspx?fn=2015\SIEG-Certificat-601-NISSE FRERES ET-E601-2-20160318.pdf&f=;http://www.qualibat.com/Views/GetFichier.aspx?fn=2015\SIEG-Certificat-601-NISSE FRERES ET-E601-2-20160318-RGEAnnexe.pdf&f=
HAUCK S.A.R.L.;5 PLACE DU PUITS 57400 IMLING;03 87 23 89 25;03 87 03 67 70;socbatimenthauck@orange.fr;http://www.qualibat.com/Views/GetFichier.aspx?fn=2016\SIEG-Certificat-605-HAUCK S.A.R.L.-E605-1-20160315.pdf&f=;
PLATRERIE SARREBOURGEOISE;2 CHEMIN WACKENFURTH 57400 SARREBOURG;03 87 03 40 02;03 87 23 65 19;platrerie-sarrebourgeoise@gmail.fr;http://www.qualibat.com/Views/GetFichier.aspx?fn=2015\SIEG-Certificat-610-PLATRERIE SARRE-E610-2-20160325.pdf&f=;http://www.qualibat.com/Views/GetFichier.aspx?fn=2015\SIEG-Certificat-610-PLATRERIE SARRE-E610-2-20160325-RGEAnnexe.pdf&f=
SCHMITT - S.A.R.L.;8 RUE DE LA FONTAINE 57310 GUENANGE;03 82 50 81 00;03 82 50 98 62;;http://www.qualibat.com/Views/GetFichier.aspx?fn=2015\SIEG-Certificat-614-SCHMITT - S.A.R-E614-3-20160325.pdf&f=;http://www.qualibat.com/Views/GetFichier.aspx?fn=2015\SIEG-Certificat-614-SCHMITT - S.A.R-E614-3-20160325-RGEAnnexe.pdf&f=
PETER SOCIETE NOUVELLE;RUE DE METZ 57140 SAULNY;03 87 32 50 39;03 87 30 69 37;message@snpeter.com;http://www.qualibat.com/Views/GetFichier.aspx?fn=2016\SIEG-Certificat-616-PETER SOCIETE N-E616-1-20160317.pdf&f=;http://www.qualibat.com/Views/GetFichier.aspx?fn=2016\SIEG-Certificat-616-PETER SOCIETE N-E616-1-20160317-RGEAnnexe.pdf&f=
COUTIER CHARLES;RUE AMPERE 57970 BASSE HAM;03 82 86 82 20;03 82 86 02 20;coutierindustrie@coutier-industrie.fr;http://www.qualibat.com/Views/GetFichier.aspx?fn=2015\SIEG-Certificat-627-COUTIER CHARLES-E627-4-20160325.pdf&f=;
KLEIN ALFRED SARL;38 RUE DU MOULIN 57870 HARTZVILLER;03 87 25 53 31;03 87 25 59 98;klein.alfred@wanadoo.fr;http://www.qualibat.com/Views/GetFichier.aspx?fn=2015\SIEG-Certificat-628-KLEIN ALFRED SA-E628-5-20160408.pdf&f=;http://www.qualibat.com/Views/GetFichier.aspx?fn=2015\SIEG-Certificat-628-KLEIN ALFRED SA-E628-5-20160408-RGEAnnexe.pdf&f=
SCHLENCK S.E.E.;1, ROUTE DE MERSCHWEILLER 57480 MANDEREN;03 82 83 23 04;03 82 83 24 14;schlenckgilbert@hotmail.fr;http://www.qualibat.com/Views/GetFichier.aspx?fn=2016\SIEG-Certificat-635-SCHLENCK S.E.E.-E635-1-20160303.pdf&f=;http://www.qualibat.com/Views/GetFichier.aspx?fn=2016\SIEG-Certificat-635-SCHLENCK S.E.E.-E635-1-20160303-RGEAnnexe.pdf&f=
CANDOLFO NICOLAS;6 RUE DES MAIRYS 57130 JOUY AUX ARCHES;03 87 50 56 90;03 87 50 56 90;nicolas.candolfo@orange.fr;http://www.qualibat.com/Views/GetFichier.aspx?fn=2015\SIEG-Certificat-645-CANDOLFO NICOLA-E645-2-20160325.pdf&f=;
SANICHAUF SAS;ZONE INDUSTRIELLE 57402 SARREBOURG CEDEX;03 87 25 71 71;03 87 25 71 70;sanichauf@sanichauf.fr;http://www.qualibat.com/Views/GetFichier.aspx?fn=2015\SIEG-Certificat-650-SANICHAUF SAS-E650-2-20160325.pdf&f=;
XYLOTECH MENUISERIE EBENISTERIE;ZI ROUTE DE FAULQUEMONT 57740 LONGEVILLE LES ST AVOLD;03 87 29 06 07;03 87 29 07 29;xylotech2@wanadoo.fr;http://www.qualibat.com/Views/GetFichier.aspx?fn=2015\SIEG-Certificat-655-XYLOTECH MENUIS-E655-3-20160325.pdf&f=;http://www.qualibat.com/Views/GetFichier.aspx?fn=2015\SIEG-Certificat-655-XYLOTECH MENUIS-E655-3-20160325-RGEAnnexe.pdf&f=
BATI- MOS - ENTREPRISE DE BATIMENT ET DE TRAVAUX PUBLICS DE LA MOSELLE;Z.I.L. DU MALAMBAS 57280 HAUCONCOURT;03 87 51 66 76;03 87 80 39 71;bati-mos@wanadoo.fr;http://www.qualibat.com/Views/GetFichier.aspx?fn=2015\SIEG-Certificat-657-BATI- MOS - ENT-E657-2-20160325.pdf&f=;
LESSERTEUR;82 RUE CLEMENCEAU 57360 AMNEVILLE;03 87 71 76 49;03 87 71 76 51;lesserteur2@wanadoo.fr;http://www.qualibat.com/Views/GetFichier.aspx?fn=2016\D57-Certificat-665-LESSERTEUR-E665-1-20160229.pdf&f=;
TOIT IDEAL (S.A.R.L.);8 RUE DES VERGERS 57730 VALMONT;03 87 92 55 30;03 87 92 32 08;;http://www.qualibat.com/Views/GetFichier.aspx?fn=2016\SIEG-Certificat-669-TOIT IDEAL  (S.-E669-1-20160418.pdf&f=;http://www.qualibat.com/Views/GetFichier.aspx?fn=2016\SIEG-Certificat-669-TOIT IDEAL  (S.-E669-1-20160418-RGEAnnexe.pdf&f=
GLAD MENUISERIE EBENISTERIE (SARL);6, GRAND'RUE 57660 FREYBOUSE;03 87 01 70 53;03 87 01 77 74;contact@menuiserie-glad.fr;http://www.qualibat.com/Views/GetFichier.aspx?fn=2015\SIEG-Certificat-678-GLAD MENUISERIE-E678-3-20160318.pdf&f=;
SECUMAT;128 RUE NATIONALE 57350 STIRING WENDEL;03 87 87 96 54;03 87 88 66 38;secumat2@wanadoo.fr;http://www.qualibat.com/Views/GetFichier.aspx?fn=2016\D57-Certificat-680-SECUMAT-E680-2-20160411.pdf&f=;
SOCIETE NOUVELLE MEA ET MERTZ;33 RUE DU DOCTEUR SCHWEITZER 57130 ARS SUR MOSELLE;03 87 62 41 24;03 87 66 52 48;meaetmertz@wanadoo.fr;http://www.qualibat.com/Views/GetFichier.aspx?fn=2016\SIEG-Certificat-683-SOCIETE NOUVELL-E683-1-20160407.pdf&f=;
THOUVENIN PHILIPPE;566 AVENUE BELLE FONTAINE 57155 MARLY;03 87 62 05 47;03 87 65 51 03;philippe.thouvenin@ent-thouvenin.fr;http://www.qualibat.com/Views/GetFichier.aspx?fn=2016\D57-Certificat-684-THOUVENIN PHILI-E684-1-20160307.pdf&f=;http://www.qualibat.com/Views/GetFichier.aspx?fn=2016\D57-Certificat-684-THOUVENIN PHILI-E684-1-20160307-RGEAnnexe.pdf&f=
MULTITOITS (S.A.R.L.);4 IMPASSE DE L'AUBEPINE - ZA 57245 PELTRE;03 87 38 13 54;03 87 38 18 11;multitoits57@orange.fr;http://www.qualibat.com/Views/GetFichier.aspx?fn=2016\D57-Certificat-703-MULTITOITS (S.A-E703-1-20160314.pdf&f=;http://www.qualibat.com/Views/GetFichier.aspx?fn=2016\D57-Certificat-703-MULTITOITS (S.A-E703-1-20160314-RGEAnnexe.pdf&f=
HEINZ FRERES (SARL);25-27 RUE DU NINGUERT 57525 TALANGE;03 87 71 10 24;03 87 71 90 23;heinz.freres@wanadoo.fr;http://www.qualibat.com/Views/GetFichier.aspx?fn=2016\SIEG-Certificat-706-HEINZ FRERES (S-E706-1-20160224.pdf&f=;http://www.qualibat.com/Views/GetFichier.aspx?fn=2016\SIEG-Certificat-706-HEINZ FRERES (S-E706-1-20160224-RGEAnnexe.pdf&f=
LES TOITURES DE L'EST;ZAC ACTISUD ST JEAN 57130 JOUY AUX ARCHES;03 87 38 74 55;03 87 38 74 56;contact@lestoituresdelest.fr;http://www.qualibat.com/Views/GetFichier.aspx?fn=2016\SIEG-Certificat-708-LES TOITURES DE-E708-1-20160315.pdf&f=;http://www.qualibat.com/Views/GetFichier.aspx?fn=2016\SIEG-Certificat-708-LES TOITURES DE-E708-1-20160315-RGEAnnexe.pdf&f=
GHIA;ZA  57800 BETTING;03 87 29 71 20;03 87 29 71 29;secretariat@ghia.fr;http://www.qualibat.com/Views/GetFichier.aspx?fn=2016\D57-Certificat-711-GHIA-E711-1-20160404.pdf&f=;
MATUSIAK (S.A.S);111 ROUTE DE LORRY 57050 METZ;03 87 31 02 71;03 87 30 91 84;matusiak3@wanadoo.fr;http://www.qualibat.com/Views/GetFichier.aspx?fn=2016\SIEG-Certificat-712-MATUSIAK (S.A.S-E712-1-20160316.pdf&f=;
AL CONFORT ADAPT';33 RUE FOCH 57185 CLOUANGE;03 87 67 05 67;03 87 67 80 72;laurent.alonzi@orange.fr;http://www.qualibat.com/Views/GetFichier.aspx?fn=2015\SIEG-Certificat-714-AL CONFORT ADAP-E714-2-20160325.pdf&f=;http://www.qualibat.com/Views/GetFichier.aspx?fn=2015\SIEG-Certificat-714-AL CONFORT ADAP-E714-2-20160325-RGEAnnexe.pdf&f=
BENOIT CAMPAGNA SARL;ZAC BELLE FONTAINE 57185 CLOUANGE;03 87 67 66 32;03 87 67 68 80;benoitcampagna@orange.fr;http://www.qualibat.com/Views/GetFichier.aspx?fn=2015\SIEG-Certificat-716-BENOIT CAMPAGNA-E716-2-20160329.pdf&f=;http://www.qualibat.com/Views/GetFichier.aspx?fn=2015\SIEG-Certificat-716-BENOIT CAMPAGNA-E716-2-20160329-RGEAnnexe.pdf&f=
FAUST;9 IMPASSE DES ANCIENS HAUTS FOURNEAUX 57100 THIONVILLE;03 82 82 98 16;03 82 58 62 06;faust.sarl@gmail.com;http://www.qualibat.com/Views/GetFichier.aspx?fn=2016\D57-Certificat-721-FAUST-E721-1-20160322.pdf&f=;
MENUISERIE DE L'EST;ZAC DE BREQUETTES 57175 GANDRANGE;03 87 58 12 21;03 87 58 30 24;menuiserie.est@wanadoo.fr;http://www.qualibat.com/Views/GetFichier.aspx?fn=2016\SIEG-Certificat-726-MENUISERIE DE L-E726-1-20160301.pdf&f=;http://www.qualibat.com/Views/GetFichier.aspx?fn=2016\SIEG-Certificat-726-MENUISERIE DE L-E726-1-20160301-RGEAnnexe.pdf&f=
ARDIZIO "RENOVATION IMMOBILIERE" A.R.I.;ROUTE DE WOIPPY 57050 LORRY LES METZ;03 87 32 45 03;03 87 31 03 74;mtakatart@groupe-salmon.fr;http://www.qualibat.com/Views/GetFichier.aspx?fn=2015\SIEG-Certificat-737-ARDIZIO _RENOVA-E737-6-20160329.pdf&f=;http://www.qualibat.com/Views/GetFichier.aspx?fn=2015\SIEG-Certificat-737-ARDIZIO _RENOVA-E737-6-20160329-RGEAnnexe.pdf&f=
PRIM SARL;7 RUE DES COUCOUS 57430 WILLERWALD;03 87 97 90 03;03 87 97 02 27;sarl.prim@orange.fr;http://www.qualibat.com/Views/GetFichier.aspx?fn=2015\SIEG-Certificat-739-PRIM SARL-E739-2-20160325.pdf&f=;
WEBER DENIS;ZA BOIS DE LA VILLE 57855 SAINT PRIVAT LA MONTAGNE;03 87 53 41 85;03 87 53 59 28;denisweber.chauffage@wanadoo.fr;http://www.qualibat.com/Views/GetFichier.aspx?fn=2016\SIEG-Certificat-752-WEBER DENIS-E752-1-20160316.pdf&f=;http://www.qualibat.com/Views/GetFichier.aspx?fn=2016\SIEG-Certificat-752-WEBER DENIS-E752-1-20160316-RGEAnnexe.pdf&f=
FETIQUE CHAUFFAGE;10 RUE DE LA LIBERTE 57200 REMELFING;03 87 98 53 30;03 87 98 04 38;fetique.chauffage@wanadoo.fr;http://www.qualibat.com/Views/GetFichier.aspx?fn=2015\SIEG-Certificat-753-FETIQUE CHAUFFA-E753-3-20160325.pdf&f=;http://www.qualibat.com/Views/GetFichier.aspx?fn=2015\SIEG-Certificat-753-FETIQUE CHAUFFA-E753-3-20160325-RGEAnnexe.pdf&f=
PAUL-PHILIPPE;5C RUE DE LA CHENEAU 57160 SCY CHAZELLES;03 87 60 33 45;03 87 60 35 82;;http://www.qualibat.com/Views/GetFichier.aspx?fn=2015\SIEG-Certificat-754-PAUL-PHILIPPE-E754-3-20160325.pdf&f=;http://www.qualibat.com/Views/GetFichier.aspx?fn=2015\SIEG-Certificat-754-PAUL-PHILIPPE-E754-3-20160325-RGEAnnexe.pdf&f=
HOTTIER JEAN MARC S.A.;5 IMPASSE DU RUISSEAU SAINT PIERRE 57245 PELTRE;03 87 38 10 95;03 87 38 17 69;hottiersa@orange.fr;http://www.qualibat.com/Views/GetFichier.aspx?fn=2015\SIEG-Certificat-760-HOTTIER JEAN MA-E760-3-20160325.pdf&f=;http://www.qualibat.com/Views/GetFichier.aspx?fn=2015\SIEG-Certificat-760-HOTTIER JEAN MA-E760-3-20160325-RGEAnnexe.pdf&f=
FRIDERICH;26 A, RUE DU MARECHAL FOCH 57490 L'HOPITAL;03 87 29 34 20;03 87 82 01 59;friderich.lhopital@expert.fr;http://www.qualibat.com/Views/GetFichier.aspx?fn=2016\D57-Certificat-763-FRIDERICH-E763-1-20160314.pdf&f=;http://www.qualibat.com/Views/GetFichier.aspx?fn=2016\D57-Certificat-763-FRIDERICH-E763-1-20160314-RGEAnnexe.pdf&f=
MARINI DOMINIQUE;5, RUE DU DOCTEUR MARC REISS 57380 FAULQUEMONT;03 87 94 18 23;03 87 90 71 88;marini.sabine@bbox.fr;http://www.qualibat.com/Views/GetFichier.aspx?fn=2015\SIEG-Certificat-765-MARINI DOMINIQU-E765-3-20160325.pdf&f=;http://www.qualibat.com/Views/GetFichier.aspx?fn=2015\SIEG-Certificat-765-MARINI DOMINIQU-E765-3-20160325-RGEAnnexe.pdf&f=
SARL PFF FACADE;16, RUE FONTAINE CHAUDRON 57140 NORROY LE VENEUR;03 87 32 28 47;03 87 32 07 08;pff-facades@wanadoo.fr;http://www.qualibat.com/Views/GetFichier.aspx?fn=2016\D57-Certificat-768-SARL PFF FACADE-E768-2-20160408.pdf&f=;http://www.qualibat.com/Views/GetFichier.aspx?fn=2016\D57-Certificat-768-SARL PFF FACADE-E768-2-20160408-RGEAnnexe.pdf&f=
ALUFEY BRIOTET;ZONE ARIANE 57400 BUHL LORRAINE;03 87 24 88 48;03 87 03 35 09;alufey.briotet@wanadoo.fr;http://www.qualibat.com/Views/GetFichier.aspx?fn=2015\SIEG-Certificat-775-ALUFEY BRIOTET-E775-4-20160318.pdf&f=;http://www.qualibat.com/Views/GetFichier.aspx?fn=2015\SIEG-Certificat-775-ALUFEY BRIOTET-E775-4-20160318-RGEAnnexe.pdf&f=
MEYER NICOLAS;18, RUE DES JARDINS 57720 EPPING;03 87 96 71 48;03 87 96 79 41;meyer-nicolas@wanadoo.fr;http://www.qualibat.com/Views/GetFichier.aspx?fn=2016\SIEG-Certificat-778-MEYER NICOLAS-E778-1-20160408.pdf&f=;http://www.qualibat.com/Views/GetFichier.aspx?fn=2016\SIEG-Certificat-778-MEYER NICOLAS-E778-1-20160408-RGEAnnexe.pdf&f=
GROCHE PERE ET FILS;7 RUE DE GORZE 57130 VIONVILLE;03 87 31 40 33;03 87 31 40 33;sarlgroche@orange.fr;http://www.qualibat.com/Views/GetFichier.aspx?fn=2016\D57-Certificat-783-GROCHE PERE ET-E783-2-20160229.pdf&f=;http://www.qualibat.com/Views/GetFichier.aspx?fn=2016\D57-Certificat-783-GROCHE PERE ET-E783-2-20160229-RGEAnnexe.pdf&f=
SCHOENDORF DANIEL (SARL);11 RUE DE LAMBACH 57415 ENCHENBERG;03 87 96 41 72;03 87 96 31 83;daniel.schoendorf@hotmail.fr;http://www.qualibat.com/Views/GetFichier.aspx?fn=2015\SIEG-Certificat-785-SCHOENDORF DANI-E785-7-20160318.pdf&f=;http://www.qualibat.com/Views/GetFichier.aspx?fn=2015\SIEG-Certificat-785-SCHOENDORF DANI-E785-7-20160318-RGEAnnexe.pdf&f=
SIEB;RUE DE L'ETANG 57155 MARLY;03 87 50 81 90;03 87 50 81 91;sieb@sieb.fr;http://www.qualibat.com/Views/GetFichier.aspx?fn=2015\SIEG-Certificat-786-SIEB-E786-2-20160325.pdf&f=;
FRANZEN PATRICK;24 A RUE DU MARECHAL FOCH 57540 PETITE ROSSELLE;03 87 84 19 18;;cpf4@wanadoo.fr;http://www.qualibat.com/Views/GetFichier.aspx?fn=2016\SIEG-Certificat-798-FRANZEN PATRICK-E798-1-20160311.pdf&f=;http://www.qualibat.com/Views/GetFichier.aspx?fn=2016\SIEG-Certificat-798-FRANZEN PATRICK-E798-1-20160311-RGEAnnexe.pdf&f=
FREVILLE SARL;2 BIS RUE DE METZ 57420 SILLEGNY;03 87 63 59 11;03 87 63 59 11;sarlfreville@gmail.com;http://www.qualibat.com/Views/GetFichier.aspx?fn=2016\SIEG-Certificat-799-FREVILLE SARL-E799-1-20160308.pdf&f=;http://www.qualibat.com/Views/GetFichier.aspx?fn=2016\SIEG-Certificat-799-FREVILLE SARL-E799-1-20160308-RGEAnnexe.pdf&f=
KLEIN SARL;72A RUE DE LA REPUBLIQUE 57520 GROSBLIEDERSTROFF;03 87 09 27 56;;kleinsanitaire@sfr.fr;http://www.qualibat.com/Views/GetFichier.aspx?fn=2015\SIEG-Certificat-803-KLEIN  SARL-E803-2-20160325.pdf&f=;http://www.qualibat.com/Views/GetFichier.aspx?fn=2015\SIEG-Certificat-803-KLEIN  SARL-E803-2-20160325-RGEAnnexe.pdf&f=
THERMISANIT;22 RUE DES MALINS PRES 57580 LUPPY;03 87 57 76 24;03 87 57 65 37;thermisanit@wanadoo.fr;http://www.qualibat.com/Views/GetFichier.aspx?fn=2016\SIEG-Certificat-808-THERMISANIT-E808-1-20160404.pdf&f=;http://www.qualibat.com/Views/GetFichier.aspx?fn=2016\SIEG-Certificat-808-THERMISANIT-E808-1-20160404-RGEAnnexe.pdf&f=
C.S.I.;6 RUE DE PLANTIÈRES 57535 MARANGE SILVANGE;03 87 80 56 72;03 87 51 75 97;;http://www.qualibat.com/Views/GetFichier.aspx?fn=2016\SIEG-Certificat-821-C.S.I.-E821-1-20160413.pdf&f=;http://www.qualibat.com/Views/GetFichier.aspx?fn=2016\SIEG-Certificat-821-C.S.I.-E821-1-20160413-RGEAnnexe.pdf&f=
CERULLI MARCO;60 RUE CHARLES DE GAULLE 57290 SEREMANGE ERZANGE;03 82 58 15 20;03 82 58 38 03;marco.cerulli@wanadoo.fr;http://www.qualibat.com/Views/GetFichier.aspx?fn=2015\SIEG-Certificat-822-CERULLI MARCO-E822-6-20160325.pdf&f=;http://www.qualibat.com/Views/GetFichier.aspx?fn=2015\SIEG-Certificat-822-CERULLI MARCO-E822-6-20160325-RGEAnnexe.pdf&f=
PERFECT DECOR;31 LOTISSEMENT LES CHARDONS 57270 UCKANGE;03 82 86 33 38;03 82 84 67 38;perfectdecor@wanadoo.fr;http://www.qualibat.com/Views/GetFichier.aspx?fn=2015\SIEG-Certificat-835-PERFECT DECOR-E835-2-20160325.pdf&f=;http://www.qualibat.com/Views/GetFichier.aspx?fn=2015\SIEG-Certificat-835-PERFECT DECOR-E835-2-20160325-RGEAnnexe.pdf&f=
KIEFFER CONSTRUCTIONS;20 RUE DES LILAS 57160 CHATEL ST GERMAIN;03 87 60 26 98;03 87 60 06 55;kieffer.construction@orange.fr;http://www.qualibat.com/Views/GetFichier.aspx?fn=2016\SIEG-Certificat-839-KIEFFER CONSTRU-E839-1-20160323.pdf&f=;http://www.qualibat.com/Views/GetFichier.aspx?fn=2016\SIEG-Certificat-839-KIEFFER CONSTRU-E839-1-20160323-RGEAnnexe.pdf&f=
S. R. RAVALEMENT;6 RUE DE GASSEVILLE 57255 SAINTE MARIE AUX CHENES;03 87 51 10 78;03 87 51 19 62;contact@srravalement.fr;http://www.qualibat.com/Views/GetFichier.aspx?fn=2016\D57-Certificat-844-S. R. RAVALEMEN-E844-1-20160418.pdf&f=;http://www.qualibat.com/Views/GetFichier.aspx?fn=2016\D57-Certificat-844-S. R. RAVALEMEN-E844-1-20160418-RGEAnnexe.pdf&f=
KUPELI MUSTAFA;9 RUE ROBERT SCHUMAN 57350 STIRING WENDEL;03 87 84 58 72;03 87 87 43 70;platrerie.kupeli@wanadoo.fr;http://www.qualibat.com/Views/GetFichier.aspx?fn=2015\SIEG-Certificat-856-KUPELI MUSTAFA-E856-2-20160325.pdf&f=;
LEBRINO JOSEPH;14 RUE DES ETOILES 57360 AMNEVILLE;03 87 70 10 41;03 87 71 76 43;joseph.lebrino@wanadoo.fr;http://www.qualibat.com/Views/GetFichier.aspx?fn=2015\SIEG-Certificat-857-LEBRINO JOSEPH-E857-2-20160325.pdf&f=;
TOUS SERVICES MARTIN;6 IMPASSE DU MOULIN ROUGE 57400 IMLING;03 87 23 86 77;03 87 23 86 77;ts.martin.cedric@gmail.com;http://www.qualibat.com/Views/GetFichier.aspx?fn=2015\SIEG-Certificat-858-TOUS SERVICES M-E858-4-20160325.pdf&f=;http://www.qualibat.com/Views/GetFichier.aspx?fn=2015\SIEG-Certificat-858-TOUS SERVICES M-E858-4-20160325-RGEAnnexe.pdf&f=
CHAUFFAGE ET SANITAIRE DE L'EST;16 RUE DE SILTZHEIM 57910 HAMBACH;03 87 98 34 37;03 87 97 07 66;;http://www.qualibat.com/Views/GetFichier.aspx?fn=2016\SIEG-Certificat-867-CHAUFFAGE ET SA-E867-1-20160311.pdf&f=;http://www.qualibat.com/Views/GetFichier.aspx?fn=2016\SIEG-Certificat-867-CHAUFFAGE ET SA-E867-1-20160311-RGEAnnexe.pdf&f=
MARLY TOITURES;1 RUE DE LA GRANGE AUX ORMES 57155 MARLY;03 87 65 63 29;03 87 62 68 25;agence@marlytoitures.com;http://www.qualibat.com/Views/GetFichier.aspx?fn=2016\SIEG-Certificat-869-MARLY TOITURES-E869-1-20160419.pdf&f=;http://www.qualibat.com/Views/GetFichier.aspx?fn=2016\SIEG-Certificat-869-MARLY TOITURES-E869-1-20160419-RGEAnnexe.pdf&f=
SCHAEFER NICOLAS SAS;23 B RUE DE STRASBOURG 57410 PETIT REDERCHING;03 87 09 82 60;03 87 09 89 83;sarl.schaefer@wanadoo.fr;http://www.qualibat.com/Views/GetFichier.aspx?fn=2015\SIEG-Certificat-872-SCHAEFER NICOLA-E872-2-20160325.pdf&f=;http://www.qualibat.com/Views/GetFichier.aspx?fn=2015\SIEG-Certificat-872-SCHAEFER NICOLA-E872-2-20160325-RGEAnnexe.pdf&f=
FENETRES SCHMITT;18 RUE DES PRES 57450 THEDING;03 87 00 24 10;03 87 89 13 21;comptabilite@fenetres-schmitt.fr;http://www.qualibat.com/Views/GetFichier.aspx?fn=2015\SIEG-Certificat-882-FENETRES SCHMIT-E882-3-20160408.pdf&f=;http://www.qualibat.com/Views/GetFichier.aspx?fn=2015\SIEG-Certificat-882-FENETRES SCHMIT-E882-3-20160408-RGEAnnexe.pdf&f=
STEINER WEY;17 RUE DU GENERAL STUHL 57230 BITCHE;03 87 96 10 25;03 87 06 28 36;barthel.matthieu@chauffage-wey.fr;http://www.qualibat.com/Views/GetFichier.aspx?fn=2015\SIEG-Certificat-889-STEINER WEY-E889-2-20160329.pdf&f=;http://www.qualibat.com/Views/GetFichier.aspx?fn=2015\SIEG-Certificat-889-STEINER WEY-E889-2-20160329-RGEAnnexe.pdf&f=
DROUOT STORES;27 RUE DU GENERAL DE GAULLE 57050 PLAPPEVILLE;03 87 32 42 83;03 87 32 06 28;contact@drouot-stores.com;http://www.qualibat.com/Views/GetFichier.aspx?fn=2016\SIEG-Certificat-890-DROUOT STORES-E890-1-20160318.pdf&f=;
RINALDI CONSTRUCTION;57000 METZ;03 87 62 21 65;;;http://www.qualibat.com/Views/GetFichier.aspx?fn=2015\SIEG-Certificat-907-RINALDI CONSTRU-E907-2-20160325.pdf&f=;
TERVER DANIEL;55 RUE DE LA FORGE 57570 GAVISSE;03 82 55 48 37;;daniel.terver@wanadoo.fr;http://www.qualibat.com/Views/GetFichier.aspx?fn=2015\SIEG-Certificat-910-TERVER DANIEL-E910-3-20160408.pdf&f=;http://www.qualibat.com/Views/GetFichier.aspx?fn=2015\SIEG-Certificat-910-TERVER DANIEL-E910-3-20160408-RGEAnnexe.pdf&f=
BOUSTER PEINTURE;57105 THIONVILLE CEDEX;03 82 82 83 44;03 82 34 97 46;bouster.peinture@wanadoo.fr;http://www.qualibat.com/Views/GetFichier.aspx?fn=2016\SIEG-Certificat-912-BOUSTER PEINTUR-E912-1-20160406.pdf&f=;http://www.qualibat.com/Views/GetFichier.aspx?fn=2016\SIEG-Certificat-912-BOUSTER PEINTUR-E912-1-20160406-RGEAnnexe.pdf&f=
CEP;87 ROUTE DE METZ 57100 THIONVILLE;03 82 86 42 42;03 82 86 42 43;secretariat@cep-btp.fr;http://www.qualibat.com/Views/GetFichier.aspx?fn=2015\SIEG-Certificat-925-CEP-E925-2-20160325.pdf&f=;
TRAVODIAM FRANCE SARL;ZA EUROTRANSIT 2 57365 ENNERY;03 87 73 60 60;03 87 73 60 61;info@travodiam.com;http://www.qualibat.com/Views/GetFichier.aspx?fn=2016\SIEG-Certificat-926-TRAVODIAM FRANC-E926-1-20160419.pdf&f=;
LAPIERRE;6 RUE DU RUISSEAU ST PIERRE 57245 PELTRE;03 87 38 26 45;03 87 38 29 64;lapierre.entreprise@wanadoo.fr;http://www.qualibat.com/Views/GetFichier.aspx?fn=2016\SIEG-Certificat-928-LAPIERRE-E928-1-20160317.pdf&f=;http://www.qualibat.com/Views/GetFichier.aspx?fn=2016\SIEG-Certificat-928-LAPIERRE-E928-1-20160317-RGEAnnexe.pdf&f=
BASTOS;42 RUE AU BOIS 57000 METZ;03 87 66 34 00;03 87 62 11 25;sarl.bastos@wanadoo.fr;http://www.qualibat.com/Views/GetFichier.aspx?fn=2015\SIEG-Certificat-932-BASTOS-E932-2-20160318.pdf&f=;
LAURAIN SARL;21 RUE DES JARDINS 57070 MEY;03 87 77 72 58;09 70 32 83 41;laurain.jean-francois@wanadoo.fr;http://www.qualibat.com/Views/GetFichier.aspx?fn=2015\SIEG-Certificat-933-LAURAIN SARL-E933-4-20160325.pdf&f=;
FERMETURES INDUSTRIELLES FLON;PARC INDUSTRIEL FURST 57730 FOLSCHVILLER;03 87 92 22 69;03 87 92 22 47;contact@fi-flon.com;http://www.qualibat.com/Views/GetFichier.aspx?fn=2015\D57-Certificat-945-FERMETURES INDU-9578-1-20151026.pdf&f=;
SOLOTOIT;59 RUE DE VERDUN 57190 FLORANGE;03 82 52 78 92;03 82 58 28 41;solotoit57@wanadoo.fr;http://www.qualibat.com/Views/GetFichier.aspx?fn=2015\SIEG-Certificat-950-SOLOTOIT-E950-3-20160402.pdf&f=;http://www.qualibat.com/Views/GetFichier.aspx?fn=2015\SIEG-Certificat-950-SOLOTOIT-E950-3-20160402-RGEAnnexe.pdf&f=
GOCEL (ETABLISSEMENTS);6 RUE AUX SAUSSAIES-DES-DAMES 57950 MONTIGNY LES METZ;03 87 66 61 19;03 87 63 92 36;celine.latzer@gocel.fr;http://www.qualibat.com/Views/GetFichier.aspx?fn=2015\SIEG-Certificat-954-GOCEL (ETABLISS-E954-6-20160328.pdf&f=;http://www.qualibat.com/Views/GetFichier.aspx?fn=2015\SIEG-Certificat-954-GOCEL (ETABLISS-E954-6-20160328-RGEAnnexe.pdf&f=
DA COSTA B.M. ET FILS;9 RUE SAINTE ANNE 57670 ALBESTROFF;03 87 01 47 42;03 87 01 49 11;menuiseriedacosta@wanadoo.fr;http://www.qualibat.com/Views/GetFichier.aspx?fn=2015\SIEG-Certificat-965-DA COSTA B.M. E-E965-3-20160329.pdf&f=;http://www.qualibat.com/Views/GetFichier.aspx?fn=2015\SIEG-Certificat-965-DA COSTA B.M. E-E965-3-20160329-RGEAnnexe.pdf&f=
MENUISERIE EST;4 RUE DE L'ETERNITE 57370 ST JEAN KOURTZERODE;03 87 24 26 40;03 87 24 25 66;contact@menuiseriesest.fr;http://www.qualibat.com/Views/GetFichier.aspx?fn=2016\D57-Certificat-966-MENUISERIE EST-E966-1-20160404.pdf&f=;http://www.qualibat.com/Views/GetFichier.aspx?fn=2016\D57-Certificat-966-MENUISERIE EST-E966-1-20160404-RGEAnnexe.pdf&f=
BECK ANTOINE SARL;13 RUE SAINT LAURENT 57930 ROMELFING;03 87 07 55 32;03 87 07 55 33;antoine.beck.sarl@wanadoo.fr;http://www.qualibat.com/Views/GetFichier.aspx?fn=2015\SIEG-Certificat-971-BECK ANTOINE  S-E971-2-20160325.pdf&f=;
AUBERTIN FRERES;25 RUE DE LORRAINE 57690 ELVANGE;03 87 94 35 97;;menuiserie.aubertin@free.fr;http://www.qualibat.com/Views/GetFichier.aspx?fn=2016\D57-Certificat-979-AUBERTIN FRERES-E979-1-20160411.pdf&f=;http://www.qualibat.com/Views/GetFichier.aspx?fn=2016\D57-Certificat-979-AUBERTIN FRERES-E979-1-20160411-RGEAnnexe.pdf&f=
EURO CHEMINEES M. WILHELM GEORGES;ZONE ARTISANALE DE COCHEREN 57800 COCHEREN;03 87 85 11 25;03 87 85 11 25;;http://www.qualibat.com/Views/GetFichier.aspx?fn=2015\SIEG-Certificat-983-EURO CHEMINEES-E983-3-20160325.pdf&f=;
R.S.T. - RDUCH ET FILS;13A ROUTE DE STRASBOURG 57510 PUTTELANGE AUX LACS;03 87 02 64 95;03 87 02 65 05;rst-rduch.et.fils@wanadoo.fr;http://www.qualibat.com/Views/GetFichier.aspx?fn=2015\SIEG-Certificat-985-R.S.T. - RDUCH-E985-2-20160325.pdf&f=;http://www.qualibat.com/Views/GetFichier.aspx?fn=2015\SIEG-Certificat-985-R.S.T. - RDUCH-E985-2-20160325-RGEAnnexe.pdf&f=
D'ONOFRIO NICOLAS;19 LE VIEUX CHEMIN 57865 AMANVILLERS;03 87 53 53 10;03 87 53 53 10;nicolas.donofrio@wanadoo.fr;http://www.qualibat.com/Views/GetFichier.aspx?fn=2015\SIEG-Certificat-987-D'ONOFRIO NICOL-E987-3-20160318.pdf&f=;http://www.qualibat.com/Views/GetFichier.aspx?fn=2015\SIEG-Certificat-987-D'ONOFRIO NICOL-E987-3-20160318-RGEAnnexe.pdf&f=
SOCIETE D'EXPLOITATION SAVO VINCENT;ZONE ARTISANALE 57730 MACHEREN;03 87 01 88 38;03 87 81 00 60;contact@savopeinture.fr;http://www.qualibat.com/Views/GetFichier.aspx?fn=2015\SIEG-Certificat-989-SOCIETE D'EXPLO-E989-5-20160408.pdf&f=;http://www.qualibat.com/Views/GetFichier.aspx?fn=2015\SIEG-Certificat-989-SOCIETE D'EXPLO-E989-5-20160408-RGEAnnexe.pdf&f=
BALEZO ALAIN;4 RUE PRINCIPALE 57810 LEY;03 87 86 72 78;03 87 86 73 54;alain.balezo@wanadoo.fr;http://www.qualibat.com/Views/GetFichier.aspx?fn=2015\SIEG-Certificat-993-BALEZO ALAIN-E993-7-20160329.pdf&f=;http://www.qualibat.com/Views/GetFichier.aspx?fn=2015\SIEG-Certificat-993-BALEZO ALAIN-E993-7-20160329-RGEAnnexe.pdf&f=
GRIFFI COUVERTURE;24 RUE DE VERDUN 57250 MOYEUVRE GRANDE;03 87 58 35 20;03 87 58 33 02;griffi.couverture@wanadoo.fr;http://www.qualibat.com/Views/GetFichier.aspx?fn=2015\D57-Certificat-994-GRIFFI COUVERTU-9631-1-20150622.pdf&f=;http://www.qualibat.com/Views/GetFichier.aspx?fn=2015\D57-Certificat-994-GRIFFI COUVERTU-9631-1-20150622-RGEAnnexe.pdf&f=
KARM AGENCEMENT;118 RUE SAINT LADRE 57151 MARLY CEDEX;03 87 62 62 15;03 87 50 74 06;secretariat@karm-agencement.fr;http://www.qualibat.com/Views/GetFichier.aspx?fn=2016\SIEG-Certificat-1002-KARM AGENCEMENT-E1002-1-20160318.pdf&f=;http://www.qualibat.com/Views/GetFichier.aspx?fn=2016\SIEG-Certificat-1002-KARM AGENCEMENT-E1002-1-20160318-RGEAnnexe.pdf&f=
TERRAFOR;3 ZONE ARTISANALE 57645 RETONFEY;03 87 76 78 56;03 87 76 68 88;forage@terrafor.fr;http://www.qualibat.com/Views/GetFichier.aspx?fn=2015\SIEG-Certificat-1003-TERRAFOR-E1003-3-20160325.pdf&f=;
CORAN ET FILS;38 BOUCLE DU FERRONNIER 57180 TERVILLE;03 82 59 60 50;03 82 59 60 55;contact@coran-fils.fr;http://www.qualibat.com/Views/GetFichier.aspx?fn=2015\D57-Certificat-1010-CORAN ET FILS-9659-4-20151023.pdf&f=;http://www.qualibat.com/Views/GetFichier.aspx?fn=2015\D57-Certificat-1010-CORAN ET FILS-9659-4-20151023-RGEAnnexe.pdf&f=
SORNETTE FRERES;22 BIS RUE DES DRAPIERS 57070 METZ;03 87 76 34 30;03 87 75 53 42;sornette@wanadoo.fr;http://www.qualibat.com/Views/GetFichier.aspx?fn=2015\SIEG-Certificat-1024-SORNETTE FRERES-E1024-2-20160325.pdf&f=;
WILSIUS FRERES;17 RUE PASTEUR 57970 YUTZ;03 82 56 75 21;03 82 56 58 22;;http://www.qualibat.com/Views/GetFichier.aspx?fn=2016\D57-Certificat-1034-WILSIUS FRERES-E1034-1-20160329.pdf&f=;http://www.qualibat.com/Views/GetFichier.aspx?fn=2016\D57-Certificat-1034-WILSIUS FRERES-E1034-1-20160329-RGEAnnexe.pdf&f=
BECKRICH DIDIER;24 RUE DE TAPONNAT 57410 ROHRBACH LES BITCHE;03 87 02 70 34;03 87 02 79 20;;http://www.qualibat.com/Views/GetFichier.aspx?fn=2016\SIEG-Certificat-1035-BECKRICH DIDIER-E1035-1-20160304.pdf&f=;http://www.qualibat.com/Views/GetFichier.aspx?fn=2016\SIEG-Certificat-1035-BECKRICH DIDIER-E1035-1-20160304-RGEAnnexe.pdf&f=
METZGER ALAIN;28 RUE DU FAUBOURG 57590 FOSSIEUX;03 87 05 48 08;03 87 05 44 02;metzger.alain2@orange.fr;http://www.qualibat.com/Views/GetFichier.aspx?fn=2016\SIEG-Certificat-1040-METZGER ALAIN-E1040-1-20160329.pdf&f=;
SCHERRER JEAN LUC;9 RUE PRINCIPALE 57970 OUDRENNE;03 82 55 08 00;03 82 50 18 98;menuiserie.scherrer@orange.fr;http://www.qualibat.com/Views/GetFichier.aspx?fn=2015\SIEG-Certificat-1046-SCHERRER JEAN L-E1046-2-20160325.pdf&f=;
ARS RENOVATION;134 RUE CLEMENCEAU 57130 ARS SUR MOSELLE;03 87 60 88 91;03 87 60 86 27;ars.reno@wanadoo.fr;http://www.qualibat.com/Views/GetFichier.aspx?fn=2015\SIEG-Certificat-1053-ARS RENOVATION-E1053-2-20160416.pdf&f=;http://www.qualibat.com/Views/GetFichier.aspx?fn=2015\SIEG-Certificat-1053-ARS RENOVATION-E1053-2-20160416-RGEAnnexe.pdf&f=
TERRA EST;Z.A. DU STADE 57660 VAHL EBERSING;03 87 90 92 54;03 87 90 02 99;terraest@wanadoo.fr;http://www.qualibat.com/Views/GetFichier.aspx?fn=2016\SIEG-Certificat-1054-TERRA EST-E1054-1-20160414.pdf&f=;
PSIA;42 RUE DE LA CROIX ROUGE 57130 ANCY SUR MOSELLE;03 87 30 90 87;03 87 30 94 48;psia.ancy@gmail.com;http://www.qualibat.com/Views/GetFichier.aspx?fn=2015\SIEG-Certificat-1055-PSIA-E1055-2-20160325.pdf&f=;
CCSE;2 A RUE CHARLES DESGRANGES 57200 SARREGUEMINES;03 87 98 03 20;03 87 98 21 50;ccse57@wanadoo.fr;http://www.qualibat.com/Views/GetFichier.aspx?fn=2015\SIEG-Certificat-1056-CCSE-E1056-2-20160325.pdf&f=;http://www.qualibat.com/Views/GetFichier.aspx?fn=2015\SIEG-Certificat-1056-CCSE-E1056-2-20160325-RGEAnnexe.pdf&f=
HOY BERTIN SE;5 RUE NATIONALE 57350 SPICHEREN-BREME D'OR;03 87 85 40 24;03 87 84 15 37;sarlhoybertin@wanadoo.fr;http://www.qualibat.com/Views/GetFichier.aspx?fn=2016\D57-Certificat-1068-HOY BERTIN SE-E1068-1-20160404.pdf&f=;http://www.qualibat.com/Views/GetFichier.aspx?fn=2016\D57-Certificat-1068-HOY BERTIN SE-E1068-1-20160404-RGEAnnexe.pdf&f=
FRANCE PEINTURE;5 RUE DES FONDEURS 57535 MARANGE SILVANGE;03 87 17 15 00;03 87 17 15 01;france.peinture@cegetel.net;http://www.qualibat.com/Views/GetFichier.aspx?fn=2016\D57-Certificat-1081-FRANCE PEINTURE-E1081-1-20160229.pdf&f=;http://www.qualibat.com/Views/GetFichier.aspx?fn=2016\D57-Certificat-1081-FRANCE PEINTURE-E1081-1-20160229-RGEAnnexe.pdf&f=
C. C. E.- CONSTRUCTIONS CARRELAGE DE L'EST;15 PLACE DE LA MAIRIE 57820 HULTEHOUSE;03 87 25 48 92;03 87 25 41 97;cce-sarl@wanadoo.fr;http://www.qualibat.com/Views/GetFichier.aspx?fn=2015\SIEG-Certificat-1090-C. C. E.- CONST-E1090-3-20160325.pdf&f=;
MULTI-BAT;6 RUE DE LA GILLIERE 57140 NORROY LE VENEUR;03 87 33 17 91;03 87 31 49 70;multi.bat57@wanadoo.fr;http://www.qualibat.com/Views/GetFichier.aspx?fn=2015\SIEG-Certificat-1091-MULTI-BAT-E1091-2-20160325.pdf&f=;
WEINMANN FERMETURES SARL;7 RUE DE LA HORGNE 57245 PELTRE;03 87 37 22 74;03 87 75 33 74;weinmann-fermetures@orange.fr;http://www.qualibat.com/Views/GetFichier.aspx?fn=2016\SIEG-Certificat-1092-WEINMANN FERMET-E1092-1-20160415.pdf&f=;http://www.qualibat.com/Views/GetFichier.aspx?fn=2016\SIEG-Certificat-1092-WEINMANN FERMET-E1092-1-20160415-RGEAnnexe.pdf&f=
SATEC;24 RUE DES ATELIERS 57330 HETTANGE GRANDE;03 82 53 29 69;03 82 53 40 79;sarl.satec@wanadoo.fr;http://www.qualibat.com/Views/GetFichier.aspx?fn=2016\D57-Certificat-1097-SATEC-E1097-1-20160404.pdf&f=;http://www.qualibat.com/Views/GetFichier.aspx?fn=2016\D57-Certificat-1097-SATEC-E1097-1-20160404-RGEAnnexe.pdf&f=
AEK ENTREPRISE GENERALE DU BATIMENT;ZA DU BUNER 57300 HAGONDANGE;03 87 70 24 00;03 87 70 27 39;aekbati@free.fr;http://www.qualibat.com/Views/GetFichier.aspx?fn=2015\SIEG-Certificat-1099-AEK  ENTREPRISE-E1099-6-20160325.pdf&f=;http://www.qualibat.com/Views/GetFichier.aspx?fn=2015\SIEG-Certificat-1099-AEK  ENTREPRISE-E1099-6-20160325-RGEAnnexe.pdf&f=
LES CONSTRUCTIONS LD;4 RUE DES FORGERONS 57070 METZ;03 87 39 70 60;03 87 39 70 61;delphinelopes@lesconstructionsld.fr;http://www.qualibat.com/Views/GetFichier.aspx?fn=2015\SIEG-Certificat-1103-LES CONSTRUCTIO-E1103-2-20160325.pdf&f=;
SE DES ETABLISSEMENTS SAVO SARL;29 RUE DE FORBACH 57801 FREYMING MERLEBACH CEDEX;03 87 04 46 95;03 87 04 13 54;sarl-savo@wanadoo.fr;http://www.qualibat.com/Views/GetFichier.aspx?fn=2015\SIEG-Certificat-1104-SE DES ETABLISS-E1104-2-20160325.pdf&f=;
BOUCHEREZ PAUL ET FILS;2 TER, RUE DE MONTVAUX 57865 AMANVILLERS;03 87 53 55 91;03 87 53 58 68;paul.boucherez@wanadoo.fr;http://www.qualibat.com/Views/GetFichier.aspx?fn=2015\SIEG-Certificat-1105-BOUCHEREZ PAUL-E1105-2-20160325.pdf&f=;http://www.qualibat.com/Views/GetFichier.aspx?fn=2015\SIEG-Certificat-1105-BOUCHEREZ PAUL-E1105-2-20160325-RGEAnnexe.pdf&f=
OBRINGER LUX;24 OP ZAEMER L4959 BASCHARAGE;26670601;26670602;;;
EBI (ENVELOPPE DU BATIMENT INDUSTRIEL);RUE CHARLES PICARD 57365 ENNERY;03 87 73 81 11;03 87 73 81 13;info@ebi-france.eu;http://www.qualibat.com/Views/GetFichier.aspx?fn=2016\D57-Certificat-1114-EBI (ENVELOPPE-E1114-2-20160405.pdf&f=;http://www.qualibat.com/Views/GetFichier.aspx?fn=2016\D57-Certificat-1114-EBI (ENVELOPPE-E1114-2-20160405-RGEAnnexe.pdf&f=
MULTI SERVICES;ZI- 9 RUE DES FRERES REMY 57200 SARREGUEMINES;09 60 06 61 14;03 87 26 31 68;multi-services57@orange.fr;http://www.qualibat.com/Views/GetFichier.aspx?fn=2015\D57-Certificat-1119-MULTI SERVICES-9651-2-20151215.pdf&f=;
ALLEGRE PEINTURE SARL;113 RUE DE FRESCATY 57950 MONTIGNY LES METZ;03 87 38 93 35;03 87 60 53 84;menuiserie.artisanale@wanadoo.fr;http://www.qualibat.com/Views/GetFichier.aspx?fn=2016\D57-Certificat-1120-ALLEGRE PEINTUR-E1120-1-20160419.pdf&f=;http://www.qualibat.com/Views/GetFichier.aspx?fn=2016\D57-Certificat-1120-ALLEGRE PEINTUR-E1120-1-20160419-RGEAnnexe.pdf&f=
VAGNER SARL;ESPACE PATTON 57500 ST AVOLD;03 87 91 38 78;03 87 91 83 60;chauffage.vagner@wanadoo.fr;http://www.qualibat.com/Views/GetFichier.aspx?fn=2016\D57-Certificat-1122-VAGNER SARL-E1122-1-20160307.pdf&f=;http://www.qualibat.com/Views/GetFichier.aspx?fn=2016\D57-Certificat-1122-VAGNER SARL-E1122-1-20160307-RGEAnnexe.pdf&f=
LOGIBAT SARL;ZAC MERMOZ 57155 MARLY;03 87 69 80 57;03 87 69 80 55;logibat.sarl@groupelongueville.fr;http://www.qualibat.com/Views/GetFichier.aspx?fn=2015\SIEG-Certificat-1123-LOGIBAT  SARL-E1123-2-20160325.pdf&f=;
GUNAY SE;RUE JEAN PROUVE 57600 FORBACH;03 87 85 23 91;03 87 85 76 40;se-gunay@wanadoo.fr;http://www.qualibat.com/Views/GetFichier.aspx?fn=2015\SIEG-Certificat-1124-GUNAY  SE-E1124-6-20160325.pdf&f=;http://www.qualibat.com/Views/GetFichier.aspx?fn=2015\SIEG-Certificat-1124-GUNAY  SE-E1124-6-20160325-RGEAnnexe.pdf&f=
PETROVIC PERE ET FILS SARL;11 RUE LEPINSECK 57600 FORBACH;03 87 84 08 63;03 87 84 08 63;petrovic4@wanadoo.fr;http://www.qualibat.com/Views/GetFichier.aspx?fn=2015\SIEG-Certificat-1127-PETROVIC  PERE-E1127-2-20160325.pdf&f=;http://www.qualibat.com/Views/GetFichier.aspx?fn=2015\SIEG-Certificat-1127-PETROVIC  PERE-E1127-2-20160325-RGEAnnexe.pdf&f=
ISOLBAT;7 RUE DES DEUX BANCS 57185 VITRY SUR ORNE;03 87 58 30 88;03 87 58 14 95;direction@isolbat.com;http://www.qualibat.com/Views/GetFichier.aspx?fn=2016\SIEG-Certificat-1129-ISOLBAT-E1129-1-20160414.pdf&f=;
